firm_id,firm_name,country,exchange,ticker,sector,sample_status,first_target_year,last_target_year,sample_inclusion_rule,exchange_listing_verified_as_of,listing_verification_status,collection_priority,year,employment_status,employees,employment_record_count,employment_source_batches,scope_break,hash_pending,ai_evidence_records,ai_source_batches
SA_2222,Saudi Arabian Oil Company (Aramco),Saudi Arabia,Saudi Exchange,2222,Energy,existing_seed,2018,2025,pre-outcome pilot frame: selected before labor-outcome extraction; long public reporting history; sector coverage; no AI-language criterion,2026-08-09,seed_verified,1,2018,exact_scope_break,67947.0,1.0,research_batch_01_employment.csv,True,False,0,
SA_2222,Saudi Arabian Oil Company (Aramco),Saudi Arabia,Saudi Exchange,2222,Energy,existing_seed,2018,2025,pre-outcome pilot frame: selected before labor-outcome extraction; long public reporting history; sector coverage; no AI-language criterion,2026-08-09,seed_verified,1,2019,exact_scope_break,69867.0,1.0,research_batch_01_employment.csv,True,False,0,
SA_2222,Saudi Arabian Oil Company (Aramco),Saudi Arabia,Saudi Exchange,2222,Energy,existing_seed,2018,2025,pre-outcome pilot frame: selected before labor-outcome extraction; long public reporting history; sector coverage; no AI-language criterion,2026-08-09,seed_verified,1,2020,exact_scope_break,66800.0,1.0,research_batch_01_employment.csv,True,False,0,
SA_2222,Saudi Arabian Oil Company (Aramco),Saudi Arabia,Saudi Exchange,2222,Energy,existing_seed,2018,2025,pre-outcome pilot frame: selected before labor-outcome extraction; long public reporting history; sector coverage; no AI-language criterion,2026-08-09,seed_verified,1,2021,exact,68493.0,1.0,research_batch_01_employment.csv,False,False,0,
SA_2222,Saudi Arabian Oil Company (Aramco),Saudi Arabia,Saudi Exchange,2222,Energy,existing_seed,2018,2025,pre-outcome pilot frame: selected before labor-outcome extraction; long public reporting history; sector coverage; no AI-language criterion,2026-08-09,seed_verified,1,2022,exact,70496.0,1.0,research_batch_01_employment.csv,False,False,0,
SA_2222,Saudi Arabian Oil Company (Aramco),Saudi Arabia,Saudi Exchange,2222,Energy,existing_seed,2018,2025,pre-outcome pilot frame: selected before labor-outcome extraction; long public reporting history; sector coverage; no AI-language criterion,2026-08-09,seed_verified,1,2023,exact,73311.0,1.0,research_batch_01_employment.csv,False,False,0,
SA_2222,Saudi Arabian Oil Company (Aramco),Saudi Arabia,Saudi Exchange,2222,Energy,existing_seed,2018,2025,pre-outcome pilot frame: selected before labor-outcome extraction; long public reporting history; sector coverage; no AI-language criterion,2026-08-09,seed_verified,1,2024,exact,75118.0,1.0,research_batch_01_employment.csv,False,False,0,
SA_2222,Saudi Arabian Oil Company (Aramco),Saudi Arabia,Saudi Exchange,2222,Energy,existing_seed,2018,2025,pre-outcome pilot frame: selected before labor-outcome extraction; long public reporting history; sector coverage; no AI-language criterion,2026-08-09,seed_verified,1,2025,exact,76664.0,1.0,research_batch_01_employment.csv,False,False,1,research_batch_52_ai_evidence.csv
SA_7010,Saudi Telecom Company (stc),Saudi Arabia,Saudi Exchange,7010,Telecommunication Services,existing_seed,2018,2025,pre-outcome pilot frame: selected before labor-outcome extraction; long public reporting history; sector coverage; no AI-language criterion,2026-08-09,seed_verified,2,2018,unresolved,,,,False,True,0,
SA_7010,Saudi Telecom Company (stc),Saudi Arabia,Saudi Exchange,7010,Telecommunication Services,existing_seed,2018,2025,pre-outcome pilot frame: selected before labor-outcome extraction; long public reporting history; sector coverage; no AI-language criterion,2026-08-09,seed_verified,2,2019,unresolved,,,,False,True,0,
SA_7010,Saudi Telecom Company (stc),Saudi Arabia,Saudi Exchange,7010,Telecommunication Services,existing_seed,2018,2025,pre-outcome pilot frame: selected before labor-outcome extraction; long public reporting history; sector coverage; no AI-language criterion,2026-08-09,seed_verified,2,2020,unresolved,,,,False,True,0,
SA_7010,Saudi Telecom Company (stc),Saudi Arabia,Saudi Exchange,7010,Telecommunication Services,existing_seed,2018,2025,pre-outcome pilot frame: selected before labor-outcome extraction; long public reporting history; sector coverage; no AI-language criterion,2026-08-09,seed_verified,2,2021,unresolved,,,,False,True,0,
SA_7010,Saudi Telecom Company (stc),Saudi Arabia,Saudi Exchange,7010,Telecommunication Services,existing_seed,2018,2025,pre-outcome pilot frame: selected before labor-outcome extraction; long public reporting history; sector coverage; no AI-language criterion,2026-08-09,seed_verified,2,2022,unresolved,,,,False,True,1,research_batch_01_ai_evidence.csv
SA_7010,Saudi Telecom Company (stc),Saudi Arabia,Saudi Exchange,7010,Telecommunication Services,existing_seed,2018,2025,pre-outcome pilot frame: selected before labor-outcome extraction; long public reporting history; sector coverage; no AI-language criterion,2026-08-09,seed_verified,2,2023,exact,22751.0,1.0,research_batch_36_employment.csv,False,False,0,
SA_7010,Saudi Telecom Company (stc),Saudi Arabia,Saudi Exchange,7010,Telecommunication Services,existing_seed,2018,2025,pre-outcome pilot frame: selected before labor-outcome extraction; long public reporting history; sector coverage; no AI-language criterion,2026-08-09,seed_verified,2,2024,exact_scope_break,19863.0,1.0,research_batch_36_employment.csv,True,False,0,
SA_7010,Saudi Telecom Company (stc),Saudi Arabia,Saudi Exchange,7010,Telecommunication Services,existing_seed,2018,2025,pre-outcome pilot frame: selected before labor-outcome extraction; long public reporting history; sector coverage; no AI-language criterion,2026-08-09,seed_verified,2,2025,unresolved,,,,False,True,0,
SA_2280,Almarai Company,Saudi Arabia,Saudi Exchange,2280,Food & Beverages,existing_seed,2018,2025,pre-outcome pilot frame: selected before labor-outcome extraction; long public reporting history; sector coverage; no AI-language criterion,2026-08-09,seed_verified,3,2018,exact,38953.0,1.0,research_batch_01_employment.csv,False,False,0,
SA_2280,Almarai Company,Saudi Arabia,Saudi Exchange,2280,Food & Beverages,existing_seed,2018,2025,pre-outcome pilot frame: selected before labor-outcome extraction; long public reporting history; sector coverage; no AI-language criterion,2026-08-09,seed_verified,3,2019,exact,37821.0,1.0,research_batch_01_employment.csv,False,False,0,
SA_2280,Almarai Company,Saudi Arabia,Saudi Exchange,2280,Food & Beverages,existing_seed,2018,2025,pre-outcome pilot frame: selected before labor-outcome extraction; long public reporting history; sector coverage; no AI-language criterion,2026-08-09,seed_verified,3,2020,exact,37066.0,1.0,research_batch_39_employment.csv,False,False,0,
SA_2280,Almarai Company,Saudi Arabia,Saudi Exchange,2280,Food & Beverages,existing_seed,2018,2025,pre-outcome pilot frame: selected before labor-outcome extraction; long public reporting history; sector coverage; no AI-language criterion,2026-08-09,seed_verified,3,2021,exact,35386.0,1.0,research_batch_01_employment.csv,False,False,0,
SA_2280,Almarai Company,Saudi Arabia,Saudi Exchange,2280,Food & Beverages,existing_seed,2018,2025,pre-outcome pilot frame: selected before labor-outcome extraction; long public reporting history; sector coverage; no AI-language criterion,2026-08-09,seed_verified,3,2022,exact,38351.0,1.0,research_batch_01_employment.csv,False,False,0,
SA_2280,Almarai Company,Saudi Arabia,Saudi Exchange,2280,Food & Beverages,existing_seed,2018,2025,pre-outcome pilot frame: selected before labor-outcome extraction; long public reporting history; sector coverage; no AI-language criterion,2026-08-09,seed_verified,3,2023,exact,41072.0,1.0,research_batch_01_employment.csv,False,False,0,
SA_2280,Almarai Company,Saudi Arabia,Saudi Exchange,2280,Food & Beverages,existing_seed,2018,2025,pre-outcome pilot frame: selected before labor-outcome extraction; long public reporting history; sector coverage; no AI-language criterion,2026-08-09,seed_verified,3,2024,exact,43821.0,1.0,research_batch_01_employment.csv,False,False,0,
SA_2280,Almarai Company,Saudi Arabia,Saudi Exchange,2280,Food & Beverages,existing_seed,2018,2025,pre-outcome pilot frame: selected before labor-outcome extraction; long public reporting history; sector coverage; no AI-language criterion,2026-08-09,seed_verified,3,2025,exact,45856.0,1.0,research_batch_01_employment.csv,False,False,1,research_batch_52_ai_evidence.csv
SA_2010,Saudi Basic Industries Corporation (SABIC),Saudi Arabia,Saudi Exchange,2010,Materials,pilot_frame,2018,2025,pre-outcome pilot frame: selected before labor-outcome extraction; long public reporting history; sector coverage; no AI-language criterion,2026-08-09,exchange_frame_verified,4,2018,rounded,32000.0,1.0,research_batch_53_employment.csv,False,False,0,
SA_2010,Saudi Basic Industries Corporation (SABIC),Saudi Arabia,Saudi Exchange,2010,Materials,pilot_frame,2018,2025,pre-outcome pilot frame: selected before labor-outcome extraction; long public reporting history; sector coverage; no AI-language criterion,2026-08-09,exchange_frame_verified,4,2019,rounded,32000.0,1.0,research_batch_53_employment.csv,False,False,0,
SA_2010,Saudi Basic Industries Corporation (SABIC),Saudi Arabia,Saudi Exchange,2010,Materials,pilot_frame,2018,2025,pre-outcome pilot frame: selected before labor-outcome extraction; long public reporting history; sector coverage; no AI-language criterion,2026-08-09,exchange_frame_verified,4,2020,rounded,32000.0,1.0,research_batch_53_employment.csv,False,False,0,
SA_2010,Saudi Basic Industries Corporation (SABIC),Saudi Arabia,Saudi Exchange,2010,Materials,pilot_frame,2018,2025,pre-outcome pilot frame: selected before labor-outcome extraction; long public reporting history; sector coverage; no AI-language criterion,2026-08-09,exchange_frame_verified,4,2021,rounded,31000.0,1.0,research_batch_53_employment.csv,False,False,1,research_batch_06_ai_evidence.csv
SA_2010,Saudi Basic Industries Corporation (SABIC),Saudi Arabia,Saudi Exchange,2010,Materials,pilot_frame,2018,2025,pre-outcome pilot frame: selected before labor-outcome extraction; long public reporting history; sector coverage; no AI-language criterion,2026-08-09,exchange_frame_verified,4,2022,rounded,31000.0,1.0,research_batch_53_employment.csv,False,False,0,
SA_2010,Saudi Basic Industries Corporation (SABIC),Saudi Arabia,Saudi Exchange,2010,Materials,pilot_frame,2018,2025,pre-outcome pilot frame: selected before labor-outcome extraction; long public reporting history; sector coverage; no AI-language criterion,2026-08-09,exchange_frame_verified,4,2023,rounded,32000.0,1.0,research_batch_53_employment.csv,False,False,0,
SA_2010,Saudi Basic Industries Corporation (SABIC),Saudi Arabia,Saudi Exchange,2010,Materials,pilot_frame,2018,2025,pre-outcome pilot frame: selected before labor-outcome extraction; long public reporting history; sector coverage; no AI-language criterion,2026-08-09,exchange_frame_verified,4,2024,rounded,28000.0,1.0,research_batch_53_employment.csv,True,False,0,
SA_2010,Saudi Basic Industries Corporation (SABIC),Saudi Arabia,Saudi Exchange,2010,Materials,pilot_frame,2018,2025,pre-outcome pilot frame: selected before labor-outcome extraction; long public reporting history; sector coverage; no AI-language criterion,2026-08-09,exchange_frame_verified,4,2025,rounded,26000.0,1.0,research_batch_53_employment.csv,False,False,0,
SA_1211,Saudi Arabian Mining Company (Ma'aden),Saudi Arabia,Saudi Exchange,1211,Materials,pilot_frame,2018,2025,pre-outcome pilot frame: selected before labor-outcome extraction; long public reporting history; sector coverage; no AI-language criterion,2026-08-09,exchange_frame_verified,5,2018,unresolved,,,,False,True,0,
SA_1211,Saudi Arabian Mining Company (Ma'aden),Saudi Arabia,Saudi Exchange,1211,Materials,pilot_frame,2018,2025,pre-outcome pilot frame: selected before labor-outcome extraction; long public reporting history; sector coverage; no AI-language criterion,2026-08-09,exchange_frame_verified,5,2019,unresolved,,,,False,True,0,
SA_1211,Saudi Arabian Mining Company (Ma'aden),Saudi Arabia,Saudi Exchange,1211,Materials,pilot_frame,2018,2025,pre-outcome pilot frame: selected before labor-outcome extraction; long public reporting history; sector coverage; no AI-language criterion,2026-08-09,exchange_frame_verified,5,2020,unresolved,,,,False,True,0,
SA_1211,Saudi Arabian Mining Company (Ma'aden),Saudi Arabia,Saudi Exchange,1211,Materials,pilot_frame,2018,2025,pre-outcome pilot frame: selected before labor-outcome extraction; long public reporting history; sector coverage; no AI-language criterion,2026-08-09,exchange_frame_verified,5,2021,unresolved,,,,False,True,0,
SA_1211,Saudi Arabian Mining Company (Ma'aden),Saudi Arabia,Saudi Exchange,1211,Materials,pilot_frame,2018,2025,pre-outcome pilot frame: selected before labor-outcome extraction; long public reporting history; sector coverage; no AI-language criterion,2026-08-09,exchange_frame_verified,5,2022,unresolved,,,,False,True,0,
SA_1211,Saudi Arabian Mining Company (Ma'aden),Saudi Arabia,Saudi Exchange,1211,Materials,pilot_frame,2018,2025,pre-outcome pilot frame: selected before labor-outcome extraction; long public reporting history; sector coverage; no AI-language criterion,2026-08-09,exchange_frame_verified,5,2023,unresolved,,,,False,True,0,
SA_1211,Saudi Arabian Mining Company (Ma'aden),Saudi Arabia,Saudi Exchange,1211,Materials,pilot_frame,2018,2025,pre-outcome pilot frame: selected before labor-outcome extraction; long public reporting history; sector coverage; no AI-language criterion,2026-08-09,exchange_frame_verified,5,2024,unresolved,,,,False,True,0,
SA_1211,Saudi Arabian Mining Company (Ma'aden),Saudi Arabia,Saudi Exchange,1211,Materials,pilot_frame,2018,2025,pre-outcome pilot frame: selected before labor-outcome extraction; long public reporting history; sector coverage; no AI-language criterion,2026-08-09,exchange_frame_verified,5,2025,rounded,7000.0,1.0,research_batch_54_employment.csv,False,False,0,
SA_5110,Saudi Electricity Company,Saudi Arabia,Saudi Exchange,5110,Utilities,pilot_frame,2018,2025,pre-outcome pilot frame: selected before labor-outcome extraction; long public reporting history; sector coverage; no AI-language criterion,2026-08-09,exchange_frame_verified,6,2018,unresolved,,,,False,True,0,
SA_5110,Saudi Electricity Company,Saudi Arabia,Saudi Exchange,5110,Utilities,pilot_frame,2018,2025,pre-outcome pilot frame: selected before labor-outcome extraction; long public reporting history; sector coverage; no AI-language criterion,2026-08-09,exchange_frame_verified,6,2019,unresolved,,,,False,True,0,
SA_5110,Saudi Electricity Company,Saudi Arabia,Saudi Exchange,5110,Utilities,pilot_frame,2018,2025,pre-outcome pilot frame: selected before labor-outcome extraction; long public reporting history; sector coverage; no AI-language criterion,2026-08-09,exchange_frame_verified,6,2020,unresolved,,,,False,True,0,
SA_5110,Saudi Electricity Company,Saudi Arabia,Saudi Exchange,5110,Utilities,pilot_frame,2018,2025,pre-outcome pilot frame: selected before labor-outcome extraction; long public reporting history; sector coverage; no AI-language criterion,2026-08-09,exchange_frame_verified,6,2021,unresolved,,,,False,True,0,
SA_5110,Saudi Electricity Company,Saudi Arabia,Saudi Exchange,5110,Utilities,pilot_frame,2018,2025,pre-outcome pilot frame: selected before labor-outcome extraction; long public reporting history; sector coverage; no AI-language criterion,2026-08-09,exchange_frame_verified,6,2022,unresolved,,,,False,True,1,research_batch_06_ai_evidence.csv
SA_5110,Saudi Electricity Company,Saudi Arabia,Saudi Exchange,5110,Utilities,pilot_frame,2018,2025,pre-outcome pilot frame: selected before labor-outcome extraction; long public reporting history; sector coverage; no AI-language criterion,2026-08-09,exchange_frame_verified,6,2023,unresolved,,,,False,True,0,
SA_5110,Saudi Electricity Company,Saudi Arabia,Saudi Exchange,5110,Utilities,pilot_frame,2018,2025,pre-outcome pilot frame: selected before labor-outcome extraction; long public reporting history; sector coverage; no AI-language criterion,2026-08-09,exchange_frame_verified,6,2024,unresolved,,,,False,True,0,
SA_5110,Saudi Electricity Company,Saudi Arabia,Saudi Exchange,5110,Utilities,pilot_frame,2018,2025,pre-outcome pilot frame: selected before labor-outcome extraction; long public reporting history; sector coverage; no AI-language criterion,2026-08-09,exchange_frame_verified,6,2025,unresolved,,,,False,True,0,
SA_7020,Etihad Etisalat Company (Mobily),Saudi Arabia,Saudi Exchange,7020,Telecommunication Services,pilot_frame,2018,2025,pre-outcome pilot frame: selected before labor-outcome extraction; long public reporting history; sector coverage; no AI-language criterion,2026-08-09,exchange_frame_verified,7,2018,unresolved,,,,False,True,0,
SA_7020,Etihad Etisalat Company (Mobily),Saudi Arabia,Saudi Exchange,7020,Telecommunication Services,pilot_frame,2018,2025,pre-outcome pilot frame: selected before labor-outcome extraction; long public reporting history; sector coverage; no AI-language criterion,2026-08-09,exchange_frame_verified,7,2019,unresolved,,,,False,True,0,
SA_7020,Etihad Etisalat Company (Mobily),Saudi Arabia,Saudi Exchange,7020,Telecommunication Services,pilot_frame,2018,2025,pre-outcome pilot frame: selected before labor-outcome extraction; long public reporting history; sector coverage; no AI-language criterion,2026-08-09,exchange_frame_verified,7,2020,unresolved,,,,False,True,0,
SA_7020,Etihad Etisalat Company (Mobily),Saudi Arabia,Saudi Exchange,7020,Telecommunication Services,pilot_frame,2018,2025,pre-outcome pilot frame: selected before labor-outcome extraction; long public reporting history; sector coverage; no AI-language criterion,2026-08-09,exchange_frame_verified,7,2021,unresolved,,,,False,True,0,
SA_7020,Etihad Etisalat Company (Mobily),Saudi Arabia,Saudi Exchange,7020,Telecommunication Services,pilot_frame,2018,2025,pre-outcome pilot frame: selected before labor-outcome extraction; long public reporting history; sector coverage; no AI-language criterion,2026-08-09,exchange_frame_verified,7,2022,unresolved,,,,False,True,0,
SA_7020,Etihad Etisalat Company (Mobily),Saudi Arabia,Saudi Exchange,7020,Telecommunication Services,pilot_frame,2018,2025,pre-outcome pilot frame: selected before labor-outcome extraction; long public reporting history; sector coverage; no AI-language criterion,2026-08-09,exchange_frame_verified,7,2023,exact,2518.0,1.0,research_batch_05_employment.csv,False,False,0,
SA_7020,Etihad Etisalat Company (Mobily),Saudi Arabia,Saudi Exchange,7020,Telecommunication Services,pilot_frame,2018,2025,pre-outcome pilot frame: selected before labor-outcome extraction; long public reporting history; sector coverage; no AI-language criterion,2026-08-09,exchange_frame_verified,7,2024,exact,2562.0,1.0,research_batch_05_employment.csv,False,False,1,research_batch_05_ai_evidence.csv
SA_7020,Etihad Etisalat Company (Mobily),Saudi Arabia,Saudi Exchange,7020,Telecommunication Services,pilot_frame,2018,2025,pre-outcome pilot frame: selected before labor-outcome extraction; long public reporting history; sector coverage; no AI-language criterion,2026-08-09,exchange_frame_verified,7,2025,unresolved,,,,False,True,0,
SA_7030,Mobile Telecommunication Company Saudi Arabia (Zain KSA),Saudi Arabia,Saudi Exchange,7030,Telecommunication Services,pilot_frame,2018,2025,pre-outcome pilot frame: selected before labor-outcome extraction; long public reporting history; sector coverage; no AI-language criterion,2026-08-09,exchange_frame_verified,8,2018,unresolved,,,,False,True,0,
SA_7030,Mobile Telecommunication Company Saudi Arabia (Zain KSA),Saudi Arabia,Saudi Exchange,7030,Telecommunication Services,pilot_frame,2018,2025,pre-outcome pilot frame: selected before labor-outcome extraction; long public reporting history; sector coverage; no AI-language criterion,2026-08-09,exchange_frame_verified,8,2019,unresolved,,,,False,True,0,
SA_7030,Mobile Telecommunication Company Saudi Arabia (Zain KSA),Saudi Arabia,Saudi Exchange,7030,Telecommunication Services,pilot_frame,2018,2025,pre-outcome pilot frame: selected before labor-outcome extraction; long public reporting history; sector coverage; no AI-language criterion,2026-08-09,exchange_frame_verified,8,2020,unresolved,,,,False,True,0,
SA_7030,Mobile Telecommunication Company Saudi Arabia (Zain KSA),Saudi Arabia,Saudi Exchange,7030,Telecommunication Services,pilot_frame,2018,2025,pre-outcome pilot frame: selected before labor-outcome extraction; long public reporting history; sector coverage; no AI-language criterion,2026-08-09,exchange_frame_verified,8,2021,unresolved,,,,False,True,0,
SA_7030,Mobile Telecommunication Company Saudi Arabia (Zain KSA),Saudi Arabia,Saudi Exchange,7030,Telecommunication Services,pilot_frame,2018,2025,pre-outcome pilot frame: selected before labor-outcome extraction; long public reporting history; sector coverage; no AI-language criterion,2026-08-09,exchange_frame_verified,8,2022,unresolved,,,,False,True,0,
SA_7030,Mobile Telecommunication Company Saudi Arabia (Zain KSA),Saudi Arabia,Saudi Exchange,7030,Telecommunication Services,pilot_frame,2018,2025,pre-outcome pilot frame: selected before labor-outcome extraction; long public reporting history; sector coverage; no AI-language criterion,2026-08-09,exchange_frame_verified,8,2023,unresolved,,,,False,True,0,
SA_7030,Mobile Telecommunication Company Saudi Arabia (Zain KSA),Saudi Arabia,Saudi Exchange,7030,Telecommunication Services,pilot_frame,2018,2025,pre-outcome pilot frame: selected before labor-outcome extraction; long public reporting history; sector coverage; no AI-language criterion,2026-08-09,exchange_frame_verified,8,2024,unresolved,,,,False,True,1,research_batch_05_ai_evidence.csv
SA_7030,Mobile Telecommunication Company Saudi Arabia (Zain KSA),Saudi Arabia,Saudi Exchange,7030,Telecommunication Services,pilot_frame,2018,2025,pre-outcome pilot frame: selected before labor-outcome extraction; long public reporting history; sector coverage; no AI-language criterion,2026-08-09,exchange_frame_verified,8,2025,exact,1500.0,1.0,research_batch_55_employment.csv,False,False,0,
SA_4190,Jarir Marketing Company,Saudi Arabia,Saudi Exchange,4190,Retail,pilot_frame,2018,2025,pre-outcome pilot frame: selected before labor-outcome extraction; long public reporting history; sector coverage; no AI-language criterion,2026-08-09,exchange_frame_verified,9,2018,exact,4713.0,2.0,research_batch_06_employment.csv|research_batch_07_employment.csv,False,False,0,
SA_4190,Jarir Marketing Company,Saudi Arabia,Saudi Exchange,4190,Retail,pilot_frame,2018,2025,pre-outcome pilot frame: selected before labor-outcome extraction; long public reporting history; sector coverage; no AI-language criterion,2026-08-09,exchange_frame_verified,9,2019,exact,5170.0,2.0,research_batch_06_employment.csv|research_batch_07_employment.csv,False,False,0,
SA_4190,Jarir Marketing Company,Saudi Arabia,Saudi Exchange,4190,Retail,pilot_frame,2018,2025,pre-outcome pilot frame: selected before labor-outcome extraction; long public reporting history; sector coverage; no AI-language criterion,2026-08-09,exchange_frame_verified,9,2020,exact,5405.0,2.0,research_batch_06_employment.csv|research_batch_07_employment.csv,False,False,0,
SA_4190,Jarir Marketing Company,Saudi Arabia,Saudi Exchange,4190,Retail,pilot_frame,2018,2025,pre-outcome pilot frame: selected before labor-outcome extraction; long public reporting history; sector coverage; no AI-language criterion,2026-08-09,exchange_frame_verified,9,2021,exact,5554.0,2.0,research_batch_06_employment.csv|research_batch_07_employment.csv,False,False,0,
SA_4190,Jarir Marketing Company,Saudi Arabia,Saudi Exchange,4190,Retail,pilot_frame,2018,2025,pre-outcome pilot frame: selected before labor-outcome extraction; long public reporting history; sector coverage; no AI-language criterion,2026-08-09,exchange_frame_verified,9,2022,exact,5524.0,2.0,research_batch_06_employment.csv|research_batch_07_employment.csv,False,False,1,research_batch_07_ai_evidence.csv
SA_4190,Jarir Marketing Company,Saudi Arabia,Saudi Exchange,4190,Retail,pilot_frame,2018,2025,pre-outcome pilot frame: selected before labor-outcome extraction; long public reporting history; sector coverage; no AI-language criterion,2026-08-09,exchange_frame_verified,9,2023,exact,5493.0,2.0,research_batch_06_employment.csv|research_batch_07_employment.csv,False,False,0,
SA_4190,Jarir Marketing Company,Saudi Arabia,Saudi Exchange,4190,Retail,pilot_frame,2018,2025,pre-outcome pilot frame: selected before labor-outcome extraction; long public reporting history; sector coverage; no AI-language criterion,2026-08-09,exchange_frame_verified,9,2024,exact,5795.0,1.0,research_batch_06_employment.csv,False,False,0,
SA_4190,Jarir Marketing Company,Saudi Arabia,Saudi Exchange,4190,Retail,pilot_frame,2018,2025,pre-outcome pilot frame: selected before labor-outcome extraction; long public reporting history; sector coverage; no AI-language criterion,2026-08-09,exchange_frame_verified,9,2025,exact_scope_break,5847.0,1.0,research_batch_07_employment.csv,True,False,0,
SA_2050,Savola Group,Saudi Arabia,Saudi Exchange,2050,Food & Beverages,pilot_frame,2018,2025,pre-outcome pilot frame: selected before labor-outcome extraction; long public reporting history; sector coverage; no AI-language criterion,2026-08-09,exchange_frame_verified,10,2018,unresolved,,,,False,True,0,
SA_2050,Savola Group,Saudi Arabia,Saudi Exchange,2050,Food & Beverages,pilot_frame,2018,2025,pre-outcome pilot frame: selected before labor-outcome extraction; long public reporting history; sector coverage; no AI-language criterion,2026-08-09,exchange_frame_verified,10,2019,unresolved,,,,False,True,0,
SA_2050,Savola Group,Saudi Arabia,Saudi Exchange,2050,Food & Beverages,pilot_frame,2018,2025,pre-outcome pilot frame: selected before labor-outcome extraction; long public reporting history; sector coverage; no AI-language criterion,2026-08-09,exchange_frame_verified,10,2020,exact,18369.0,1.0,research_batch_07_employment.csv,False,False,0,
SA_2050,Savola Group,Saudi Arabia,Saudi Exchange,2050,Food & Beverages,pilot_frame,2018,2025,pre-outcome pilot frame: selected before labor-outcome extraction; long public reporting history; sector coverage; no AI-language criterion,2026-08-09,exchange_frame_verified,10,2021,exact,17859.0,1.0,research_batch_07_employment.csv,False,False,0,
SA_2050,Savola Group,Saudi Arabia,Saudi Exchange,2050,Food & Beverages,pilot_frame,2018,2025,pre-outcome pilot frame: selected before labor-outcome extraction; long public reporting history; sector coverage; no AI-language criterion,2026-08-09,exchange_frame_verified,10,2022,exact,16696.0,1.0,research_batch_07_employment.csv,False,False,0,
SA_2050,Savola Group,Saudi Arabia,Saudi Exchange,2050,Food & Beverages,pilot_frame,2018,2025,pre-outcome pilot frame: selected before labor-outcome extraction; long public reporting history; sector coverage; no AI-language criterion,2026-08-09,exchange_frame_verified,10,2023,exact_scope_break,15334.0,1.0,research_batch_07_employment.csv,True,False,0,
SA_2050,Savola Group,Saudi Arabia,Saudi Exchange,2050,Food & Beverages,pilot_frame,2018,2025,pre-outcome pilot frame: selected before labor-outcome extraction; long public reporting history; sector coverage; no AI-language criterion,2026-08-09,exchange_frame_verified,10,2024,unresolved,,,,False,True,0,
SA_2050,Savola Group,Saudi Arabia,Saudi Exchange,2050,Food & Beverages,pilot_frame,2018,2025,pre-outcome pilot frame: selected before labor-outcome extraction; long public reporting history; sector coverage; no AI-language criterion,2026-08-09,exchange_frame_verified,10,2025,unresolved,,,,False,True,0,
SA_1120,Al Rajhi Banking and Investment Corporation,Saudi Arabia,Saudi Exchange,1120,Banks,pilot_frame,2018,2025,pre-outcome pilot frame: selected before labor-outcome extraction; long public reporting history; sector coverage; no AI-language criterion,2026-08-09,exchange_frame_verified,11,2018,exact,13003.0,1.0,research_batch_01_employment.csv,False,False,0,
SA_1120,Al Rajhi Banking and Investment Corporation,Saudi Arabia,Saudi Exchange,1120,Banks,pilot_frame,2018,2025,pre-outcome pilot frame: selected before labor-outcome extraction; long public reporting history; sector coverage; no AI-language criterion,2026-08-09,exchange_frame_verified,11,2019,exact,13439.0,1.0,research_batch_01_employment.csv,False,False,0,
SA_1120,Al Rajhi Banking and Investment Corporation,Saudi Arabia,Saudi Exchange,1120,Banks,pilot_frame,2018,2025,pre-outcome pilot frame: selected before labor-outcome extraction; long public reporting history; sector coverage; no AI-language criterion,2026-08-09,exchange_frame_verified,11,2020,exact,13445.0,1.0,research_batch_01_employment.csv,False,False,0,
SA_1120,Al Rajhi Banking and Investment Corporation,Saudi Arabia,Saudi Exchange,1120,Banks,pilot_frame,2018,2025,pre-outcome pilot frame: selected before labor-outcome extraction; long public reporting history; sector coverage; no AI-language criterion,2026-08-09,exchange_frame_verified,11,2021,exact,15078.0,1.0,research_batch_01_employment.csv,False,False,1,research_batch_01_ai_evidence.csv
SA_1120,Al Rajhi Banking and Investment Corporation,Saudi Arabia,Saudi Exchange,1120,Banks,pilot_frame,2018,2025,pre-outcome pilot frame: selected before labor-outcome extraction; long public reporting history; sector coverage; no AI-language criterion,2026-08-09,exchange_frame_verified,11,2022,exact,19964.0,1.0,research_batch_01_employment.csv,False,False,1,research_batch_01_ai_evidence.csv
SA_1120,Al Rajhi Banking and Investment Corporation,Saudi Arabia,Saudi Exchange,1120,Banks,pilot_frame,2018,2025,pre-outcome pilot frame: selected before labor-outcome extraction; long public reporting history; sector coverage; no AI-language criterion,2026-08-09,exchange_frame_verified,11,2023,exact_scope_break,20878.0,1.0,research_batch_01_employment.csv,True,False,1,research_batch_01_ai_evidence.csv
SA_1120,Al Rajhi Banking and Investment Corporation,Saudi Arabia,Saudi Exchange,1120,Banks,pilot_frame,2018,2025,pre-outcome pilot frame: selected before labor-outcome extraction; long public reporting history; sector coverage; no AI-language criterion,2026-08-09,exchange_frame_verified,11,2024,exact,23406.0,1.0,research_batch_01_employment.csv,False,False,1,research_batch_01_ai_evidence.csv
SA_1120,Al Rajhi Banking and Investment Corporation,Saudi Arabia,Saudi Exchange,1120,Banks,pilot_frame,2018,2025,pre-outcome pilot frame: selected before labor-outcome extraction; long public reporting history; sector coverage; no AI-language criterion,2026-08-09,exchange_frame_verified,11,2025,exact_scope_break,25083.0,1.0,research_batch_01_employment.csv,True,False,1,research_batch_01_ai_evidence.csv
SA_1010,Riyad Bank,Saudi Arabia,Saudi Exchange,1010,Banks,pilot_frame,2018,2025,pre-outcome pilot frame: selected before labor-outcome extraction; long public reporting history; sector coverage; no AI-language criterion,2026-08-09,exchange_frame_verified,12,2018,unresolved,,,,False,True,0,
SA_1010,Riyad Bank,Saudi Arabia,Saudi Exchange,1010,Banks,pilot_frame,2018,2025,pre-outcome pilot frame: selected before labor-outcome extraction; long public reporting history; sector coverage; no AI-language criterion,2026-08-09,exchange_frame_verified,12,2019,unresolved,,,,False,True,0,
SA_1010,Riyad Bank,Saudi Arabia,Saudi Exchange,1010,Banks,pilot_frame,2018,2025,pre-outcome pilot frame: selected before labor-outcome extraction; long public reporting history; sector coverage; no AI-language criterion,2026-08-09,exchange_frame_verified,12,2020,unresolved,,,,False,True,0,
SA_1010,Riyad Bank,Saudi Arabia,Saudi Exchange,1010,Banks,pilot_frame,2018,2025,pre-outcome pilot frame: selected before labor-outcome extraction; long public reporting history; sector coverage; no AI-language criterion,2026-08-09,exchange_frame_verified,12,2021,exact,5338.0,1.0,research_batch_03_employment.csv,False,False,0,
SA_1010,Riyad Bank,Saudi Arabia,Saudi Exchange,1010,Banks,pilot_frame,2018,2025,pre-outcome pilot frame: selected before labor-outcome extraction; long public reporting history; sector coverage; no AI-language criterion,2026-08-09,exchange_frame_verified,12,2022,exact,5593.0,1.0,research_batch_03_employment.csv,False,False,0,
SA_1010,Riyad Bank,Saudi Arabia,Saudi Exchange,1010,Banks,pilot_frame,2018,2025,pre-outcome pilot frame: selected before labor-outcome extraction; long public reporting history; sector coverage; no AI-language criterion,2026-08-09,exchange_frame_verified,12,2023,exact,5870.0,1.0,research_batch_03_employment.csv,False,False,0,
SA_1010,Riyad Bank,Saudi Arabia,Saudi Exchange,1010,Banks,pilot_frame,2018,2025,pre-outcome pilot frame: selected before labor-outcome extraction; long public reporting history; sector coverage; no AI-language criterion,2026-08-09,exchange_frame_verified,12,2024,exact,5683.0,1.0,research_batch_03_employment.csv,False,False,1,research_batch_03_ai_evidence.csv
SA_1010,Riyad Bank,Saudi Arabia,Saudi Exchange,1010,Banks,pilot_frame,2018,2025,pre-outcome pilot frame: selected before labor-outcome extraction; long public reporting history; sector coverage; no AI-language criterion,2026-08-09,exchange_frame_verified,12,2025,unresolved,,,,False,True,0,
SA_1080,Arab National Bank,Saudi Arabia,Saudi Exchange,1080,Banks,pilot_frame,2018,2025,pre-outcome pilot frame: selected before labor-outcome extraction; long public reporting history; sector coverage; no AI-language criterion,2026-08-09,exchange_frame_verified,13,2018,unresolved,,,,False,True,0,
SA_1080,Arab National Bank,Saudi Arabia,Saudi Exchange,1080,Banks,pilot_frame,2018,2025,pre-outcome pilot frame: selected before labor-outcome extraction; long public reporting history; sector coverage; no AI-language criterion,2026-08-09,exchange_frame_verified,13,2019,unresolved,,,,False,True,0,
SA_1080,Arab National Bank,Saudi Arabia,Saudi Exchange,1080,Banks,pilot_frame,2018,2025,pre-outcome pilot frame: selected before labor-outcome extraction; long public reporting history; sector coverage; no AI-language criterion,2026-08-09,exchange_frame_verified,13,2020,unresolved,,,,False,True,0,
SA_1080,Arab National Bank,Saudi Arabia,Saudi Exchange,1080,Banks,pilot_frame,2018,2025,pre-outcome pilot frame: selected before labor-outcome extraction; long public reporting history; sector coverage; no AI-language criterion,2026-08-09,exchange_frame_verified,13,2021,unresolved,,,,False,True,0,
SA_1080,Arab National Bank,Saudi Arabia,Saudi Exchange,1080,Banks,pilot_frame,2018,2025,pre-outcome pilot frame: selected before labor-outcome extraction; long public reporting history; sector coverage; no AI-language criterion,2026-08-09,exchange_frame_verified,13,2022,unresolved,,,,False,True,0,
SA_1080,Arab National Bank,Saudi Arabia,Saudi Exchange,1080,Banks,pilot_frame,2018,2025,pre-outcome pilot frame: selected before labor-outcome extraction; long public reporting history; sector coverage; no AI-language criterion,2026-08-09,exchange_frame_verified,13,2023,unresolved,,,,False,True,0,
SA_1080,Arab National Bank,Saudi Arabia,Saudi Exchange,1080,Banks,pilot_frame,2018,2025,pre-outcome pilot frame: selected before labor-outcome extraction; long public reporting history; sector coverage; no AI-language criterion,2026-08-09,exchange_frame_verified,13,2024,unresolved,,,,False,True,0,
SA_1080,Arab National Bank,Saudi Arabia,Saudi Exchange,1080,Banks,pilot_frame,2018,2025,pre-outcome pilot frame: selected before labor-outcome extraction; long public reporting history; sector coverage; no AI-language criterion,2026-08-09,exchange_frame_verified,13,2025,unresolved,,,,False,True,0,
SA_1050,Banque Saudi Fransi,Saudi Arabia,Saudi Exchange,1050,Banks,pilot_frame,2018,2025,pre-outcome pilot frame: selected before labor-outcome extraction; long public reporting history; sector coverage; no AI-language criterion,2026-08-09,exchange_frame_verified,14,2018,exact,3027.0,1.0,research_batch_38_employment.csv,False,False,0,
SA_1050,Banque Saudi Fransi,Saudi Arabia,Saudi Exchange,1050,Banks,pilot_frame,2018,2025,pre-outcome pilot frame: selected before labor-outcome extraction; long public reporting history; sector coverage; no AI-language criterion,2026-08-09,exchange_frame_verified,14,2019,exact,2998.0,1.0,research_batch_38_employment.csv,False,False,0,
SA_1050,Banque Saudi Fransi,Saudi Arabia,Saudi Exchange,1050,Banks,pilot_frame,2018,2025,pre-outcome pilot frame: selected before labor-outcome extraction; long public reporting history; sector coverage; no AI-language criterion,2026-08-09,exchange_frame_verified,14,2020,exact,2881.0,1.0,research_batch_38_employment.csv,False,False,0,
SA_1050,Banque Saudi Fransi,Saudi Arabia,Saudi Exchange,1050,Banks,pilot_frame,2018,2025,pre-outcome pilot frame: selected before labor-outcome extraction; long public reporting history; sector coverage; no AI-language criterion,2026-08-09,exchange_frame_verified,14,2021,exact,2997.0,1.0,research_batch_38_employment.csv,False,False,0,
SA_1050,Banque Saudi Fransi,Saudi Arabia,Saudi Exchange,1050,Banks,pilot_frame,2018,2025,pre-outcome pilot frame: selected before labor-outcome extraction; long public reporting history; sector coverage; no AI-language criterion,2026-08-09,exchange_frame_verified,14,2022,exact,3105.0,1.0,research_batch_38_employment.csv,False,False,0,
SA_1050,Banque Saudi Fransi,Saudi Arabia,Saudi Exchange,1050,Banks,pilot_frame,2018,2025,pre-outcome pilot frame: selected before labor-outcome extraction; long public reporting history; sector coverage; no AI-language criterion,2026-08-09,exchange_frame_verified,14,2023,exact,3154.0,1.0,research_batch_38_employment.csv,False,False,0,
SA_1050,Banque Saudi Fransi,Saudi Arabia,Saudi Exchange,1050,Banks,pilot_frame,2018,2025,pre-outcome pilot frame: selected before labor-outcome extraction; long public reporting history; sector coverage; no AI-language criterion,2026-08-09,exchange_frame_verified,14,2024,exact,3056.0,1.0,research_batch_38_employment.csv,False,False,0,
SA_1050,Banque Saudi Fransi,Saudi Arabia,Saudi Exchange,1050,Banks,pilot_frame,2018,2025,pre-outcome pilot frame: selected before labor-outcome extraction; long public reporting history; sector coverage; no AI-language criterion,2026-08-09,exchange_frame_verified,14,2025,exact,3120.0,1.0,research_batch_38_employment.csv,False,False,1,research_batch_04_ai_evidence.csv
SA_1150,Alinma Bank,Saudi Arabia,Saudi Exchange,1150,Banks,pilot_frame,2018,2025,pre-outcome pilot frame: selected before labor-outcome extraction; long public reporting history; sector coverage; no AI-language criterion,2026-08-09,exchange_frame_verified,15,2018,unresolved,,,,False,True,0,
SA_1150,Alinma Bank,Saudi Arabia,Saudi Exchange,1150,Banks,pilot_frame,2018,2025,pre-outcome pilot frame: selected before labor-outcome extraction; long public reporting history; sector coverage; no AI-language criterion,2026-08-09,exchange_frame_verified,15,2019,unresolved,,,,False,True,0,
SA_1150,Alinma Bank,Saudi Arabia,Saudi Exchange,1150,Banks,pilot_frame,2018,2025,pre-outcome pilot frame: selected before labor-outcome extraction; long public reporting history; sector coverage; no AI-language criterion,2026-08-09,exchange_frame_verified,15,2020,unresolved,,,,False,True,0,
SA_1150,Alinma Bank,Saudi Arabia,Saudi Exchange,1150,Banks,pilot_frame,2018,2025,pre-outcome pilot frame: selected before labor-outcome extraction; long public reporting history; sector coverage; no AI-language criterion,2026-08-09,exchange_frame_verified,15,2021,unresolved,,,,False,True,0,
SA_1150,Alinma Bank,Saudi Arabia,Saudi Exchange,1150,Banks,pilot_frame,2018,2025,pre-outcome pilot frame: selected before labor-outcome extraction; long public reporting history; sector coverage; no AI-language criterion,2026-08-09,exchange_frame_verified,15,2022,unresolved,,,,False,True,0,
SA_1150,Alinma Bank,Saudi Arabia,Saudi Exchange,1150,Banks,pilot_frame,2018,2025,pre-outcome pilot frame: selected before labor-outcome extraction; long public reporting history; sector coverage; no AI-language criterion,2026-08-09,exchange_frame_verified,15,2023,exact,2924.0,1.0,research_batch_02_employment.csv,False,False,1,research_batch_02_ai_evidence.csv
SA_1150,Alinma Bank,Saudi Arabia,Saudi Exchange,1150,Banks,pilot_frame,2018,2025,pre-outcome pilot frame: selected before labor-outcome extraction; long public reporting history; sector coverage; no AI-language criterion,2026-08-09,exchange_frame_verified,15,2024,exact,2906.0,1.0,research_batch_02_employment.csv,False,False,1,research_batch_02_ai_evidence.csv
SA_1150,Alinma Bank,Saudi Arabia,Saudi Exchange,1150,Banks,pilot_frame,2018,2025,pre-outcome pilot frame: selected before labor-outcome extraction; long public reporting history; sector coverage; no AI-language criterion,2026-08-09,exchange_frame_verified,15,2025,exact,2823.0,1.0,research_batch_02_employment.csv,False,False,1,research_batch_02_ai_evidence.csv
SA_1140,Bank Albilad,Saudi Arabia,Saudi Exchange,1140,Banks,pilot_frame,2018,2025,pre-outcome pilot frame: selected before labor-outcome extraction; long public reporting history; sector coverage; no AI-language criterion,2026-08-09,exchange_frame_verified,16,2018,unresolved,,,,False,True,0,
SA_1140,Bank Albilad,Saudi Arabia,Saudi Exchange,1140,Banks,pilot_frame,2018,2025,pre-outcome pilot frame: selected before labor-outcome extraction; long public reporting history; sector coverage; no AI-language criterion,2026-08-09,exchange_frame_verified,16,2019,unresolved,,,,False,True,0,
SA_1140,Bank Albilad,Saudi Arabia,Saudi Exchange,1140,Banks,pilot_frame,2018,2025,pre-outcome pilot frame: selected before labor-outcome extraction; long public reporting history; sector coverage; no AI-language criterion,2026-08-09,exchange_frame_verified,16,2020,unresolved,,,,False,True,0,
SA_1140,Bank Albilad,Saudi Arabia,Saudi Exchange,1140,Banks,pilot_frame,2018,2025,pre-outcome pilot frame: selected before labor-outcome extraction; long public reporting history; sector coverage; no AI-language criterion,2026-08-09,exchange_frame_verified,16,2021,unresolved,,,,False,True,0,
SA_1140,Bank Albilad,Saudi Arabia,Saudi Exchange,1140,Banks,pilot_frame,2018,2025,pre-outcome pilot frame: selected before labor-outcome extraction; long public reporting history; sector coverage; no AI-language criterion,2026-08-09,exchange_frame_verified,16,2022,rounded,3500.0,1.0,research_batch_02_employment.csv,False,False,0,
SA_1140,Bank Albilad,Saudi Arabia,Saudi Exchange,1140,Banks,pilot_frame,2018,2025,pre-outcome pilot frame: selected before labor-outcome extraction; long public reporting history; sector coverage; no AI-language criterion,2026-08-09,exchange_frame_verified,16,2023,exact,3787.0,1.0,research_batch_02_employment.csv,False,False,0,
SA_1140,Bank Albilad,Saudi Arabia,Saudi Exchange,1140,Banks,pilot_frame,2018,2025,pre-outcome pilot frame: selected before labor-outcome extraction; long public reporting history; sector coverage; no AI-language criterion,2026-08-09,exchange_frame_verified,16,2024,exact,3767.0,1.0,research_batch_02_employment.csv,False,False,0,
SA_1140,Bank Albilad,Saudi Arabia,Saudi Exchange,1140,Banks,pilot_frame,2018,2025,pre-outcome pilot frame: selected before labor-outcome extraction; long public reporting history; sector coverage; no AI-language criterion,2026-08-09,exchange_frame_verified,16,2025,unresolved,,,,False,True,0,
SA_8210,Bupa Arabia for Cooperative Insurance,Saudi Arabia,Saudi Exchange,8210,Insurance,pilot_frame,2018,2025,pre-outcome pilot frame: selected before labor-outcome extraction; long public reporting history; sector coverage; no AI-language criterion,2026-08-09,exchange_frame_verified,17,2018,unresolved,,,,False,True,0,
SA_8210,Bupa Arabia for Cooperative Insurance,Saudi Arabia,Saudi Exchange,8210,Insurance,pilot_frame,2018,2025,pre-outcome pilot frame: selected before labor-outcome extraction; long public reporting history; sector coverage; no AI-language criterion,2026-08-09,exchange_frame_verified,17,2019,unresolved,,,,False,True,0,
SA_8210,Bupa Arabia for Cooperative Insurance,Saudi Arabia,Saudi Exchange,8210,Insurance,pilot_frame,2018,2025,pre-outcome pilot frame: selected before labor-outcome extraction; long public reporting history; sector coverage; no AI-language criterion,2026-08-09,exchange_frame_verified,17,2020,unresolved,,,,False,True,0,
SA_8210,Bupa Arabia for Cooperative Insurance,Saudi Arabia,Saudi Exchange,8210,Insurance,pilot_frame,2018,2025,pre-outcome pilot frame: selected before labor-outcome extraction; long public reporting history; sector coverage; no AI-language criterion,2026-08-09,exchange_frame_verified,17,2021,unresolved,,,,False,True,1,research_batch_05_ai_evidence.csv
SA_8210,Bupa Arabia for Cooperative Insurance,Saudi Arabia,Saudi Exchange,8210,Insurance,pilot_frame,2018,2025,pre-outcome pilot frame: selected before labor-outcome extraction; long public reporting history; sector coverage; no AI-language criterion,2026-08-09,exchange_frame_verified,17,2022,unresolved,,,,False,True,1,research_batch_04_ai_evidence.csv
SA_8210,Bupa Arabia for Cooperative Insurance,Saudi Arabia,Saudi Exchange,8210,Insurance,pilot_frame,2018,2025,pre-outcome pilot frame: selected before labor-outcome extraction; long public reporting history; sector coverage; no AI-language criterion,2026-08-09,exchange_frame_verified,17,2023,unresolved,,,,False,True,2,research_batch_04_ai_evidence.csv
SA_8210,Bupa Arabia for Cooperative Insurance,Saudi Arabia,Saudi Exchange,8210,Insurance,pilot_frame,2018,2025,pre-outcome pilot frame: selected before labor-outcome extraction; long public reporting history; sector coverage; no AI-language criterion,2026-08-09,exchange_frame_verified,17,2024,unresolved,,,,False,True,2,research_batch_04_ai_evidence.csv
SA_8210,Bupa Arabia for Cooperative Insurance,Saudi Arabia,Saudi Exchange,8210,Insurance,pilot_frame,2018,2025,pre-outcome pilot frame: selected before labor-outcome extraction; long public reporting history; sector coverage; no AI-language criterion,2026-08-09,exchange_frame_verified,17,2025,unresolved,,,,False,True,1,research_batch_04_ai_evidence.csv
SA_8010,The Company for Cooperative Insurance (Tawuniya),Saudi Arabia,Saudi Exchange,8010,Insurance,pilot_frame,2018,2025,pre-outcome pilot frame: selected before labor-outcome extraction; long public reporting history; sector coverage; no AI-language criterion,2026-08-09,exchange_frame_verified,18,2018,unresolved,,,,False,True,0,
SA_8010,The Company for Cooperative Insurance (Tawuniya),Saudi Arabia,Saudi Exchange,8010,Insurance,pilot_frame,2018,2025,pre-outcome pilot frame: selected before labor-outcome extraction; long public reporting history; sector coverage; no AI-language criterion,2026-08-09,exchange_frame_verified,18,2019,unresolved,,,,False,True,0,
SA_8010,The Company for Cooperative Insurance (Tawuniya),Saudi Arabia,Saudi Exchange,8010,Insurance,pilot_frame,2018,2025,pre-outcome pilot frame: selected before labor-outcome extraction; long public reporting history; sector coverage; no AI-language criterion,2026-08-09,exchange_frame_verified,18,2020,unresolved,,,,False,True,0,
SA_8010,The Company for Cooperative Insurance (Tawuniya),Saudi Arabia,Saudi Exchange,8010,Insurance,pilot_frame,2018,2025,pre-outcome pilot frame: selected before labor-outcome extraction; long public reporting history; sector coverage; no AI-language criterion,2026-08-09,exchange_frame_verified,18,2021,unresolved,,,,False,True,0,
SA_8010,The Company for Cooperative Insurance (Tawuniya),Saudi Arabia,Saudi Exchange,8010,Insurance,pilot_frame,2018,2025,pre-outcome pilot frame: selected before labor-outcome extraction; long public reporting history; sector coverage; no AI-language criterion,2026-08-09,exchange_frame_verified,18,2022,unresolved,,,,False,True,0,
SA_8010,The Company for Cooperative Insurance (Tawuniya),Saudi Arabia,Saudi Exchange,8010,Insurance,pilot_frame,2018,2025,pre-outcome pilot frame: selected before labor-outcome extraction; long public reporting history; sector coverage; no AI-language criterion,2026-08-09,exchange_frame_verified,18,2023,unresolved,,,,False,True,0,
SA_8010,The Company for Cooperative Insurance (Tawuniya),Saudi Arabia,Saudi Exchange,8010,Insurance,pilot_frame,2018,2025,pre-outcome pilot frame: selected before labor-outcome extraction; long public reporting history; sector coverage; no AI-language criterion,2026-08-09,exchange_frame_verified,18,2024,unresolved,,,,False,True,1,research_batch_05_ai_evidence.csv
SA_8010,The Company for Cooperative Insurance (Tawuniya),Saudi Arabia,Saudi Exchange,8010,Insurance,pilot_frame,2018,2025,pre-outcome pilot frame: selected before labor-outcome extraction; long public reporting history; sector coverage; no AI-language criterion,2026-08-09,exchange_frame_verified,18,2025,unresolved,,,,False,True,0,
SA_3030,Saudi Cement Company,Saudi Arabia,Saudi Exchange,3030,Materials,pilot_frame,2018,2025,pre-outcome pilot frame: selected before labor-outcome extraction; long public reporting history; sector coverage; no AI-language criterion,2026-08-09,exchange_frame_verified,19,2018,unresolved,,,,False,True,0,
SA_3030,Saudi Cement Company,Saudi Arabia,Saudi Exchange,3030,Materials,pilot_frame,2018,2025,pre-outcome pilot frame: selected before labor-outcome extraction; long public reporting history; sector coverage; no AI-language criterion,2026-08-09,exchange_frame_verified,19,2019,unresolved,,,,False,True,0,
SA_3030,Saudi Cement Company,Saudi Arabia,Saudi Exchange,3030,Materials,pilot_frame,2018,2025,pre-outcome pilot frame: selected before labor-outcome extraction; long public reporting history; sector coverage; no AI-language criterion,2026-08-09,exchange_frame_verified,19,2020,unresolved,,,,False,True,0,
SA_3030,Saudi Cement Company,Saudi Arabia,Saudi Exchange,3030,Materials,pilot_frame,2018,2025,pre-outcome pilot frame: selected before labor-outcome extraction; long public reporting history; sector coverage; no AI-language criterion,2026-08-09,exchange_frame_verified,19,2021,unresolved,,,,False,True,0,
SA_3030,Saudi Cement Company,Saudi Arabia,Saudi Exchange,3030,Materials,pilot_frame,2018,2025,pre-outcome pilot frame: selected before labor-outcome extraction; long public reporting history; sector coverage; no AI-language criterion,2026-08-09,exchange_frame_verified,19,2022,unresolved,,,,False,True,0,
SA_3030,Saudi Cement Company,Saudi Arabia,Saudi Exchange,3030,Materials,pilot_frame,2018,2025,pre-outcome pilot frame: selected before labor-outcome extraction; long public reporting history; sector coverage; no AI-language criterion,2026-08-09,exchange_frame_verified,19,2023,unresolved,,,,False,True,0,
SA_3030,Saudi Cement Company,Saudi Arabia,Saudi Exchange,3030,Materials,pilot_frame,2018,2025,pre-outcome pilot frame: selected before labor-outcome extraction; long public reporting history; sector coverage; no AI-language criterion,2026-08-09,exchange_frame_verified,19,2024,unresolved,,,,False,True,0,
SA_3030,Saudi Cement Company,Saudi Arabia,Saudi Exchange,3030,Materials,pilot_frame,2018,2025,pre-outcome pilot frame: selected before labor-outcome extraction; long public reporting history; sector coverage; no AI-language criterion,2026-08-09,exchange_frame_verified,19,2025,unresolved,,,,False,True,0,
SA_3060,Yanbu Cement Company,Saudi Arabia,Saudi Exchange,3060,Materials,pilot_frame,2018,2025,pre-outcome pilot frame: selected before labor-outcome extraction; long public reporting history; sector coverage; no AI-language criterion,2026-08-09,exchange_frame_verified,20,2018,unresolved,,,,False,True,0,
SA_3060,Yanbu Cement Company,Saudi Arabia,Saudi Exchange,3060,Materials,pilot_frame,2018,2025,pre-outcome pilot frame: selected before labor-outcome extraction; long public reporting history; sector coverage; no AI-language criterion,2026-08-09,exchange_frame_verified,20,2019,unresolved,,,,False,True,0,
SA_3060,Yanbu Cement Company,Saudi Arabia,Saudi Exchange,3060,Materials,pilot_frame,2018,2025,pre-outcome pilot frame: selected before labor-outcome extraction; long public reporting history; sector coverage; no AI-language criterion,2026-08-09,exchange_frame_verified,20,2020,unresolved,,,,False,True,0,
SA_3060,Yanbu Cement Company,Saudi Arabia,Saudi Exchange,3060,Materials,pilot_frame,2018,2025,pre-outcome pilot frame: selected before labor-outcome extraction; long public reporting history; sector coverage; no AI-language criterion,2026-08-09,exchange_frame_verified,20,2021,unresolved,,,,False,True,0,
SA_3060,Yanbu Cement Company,Saudi Arabia,Saudi Exchange,3060,Materials,pilot_frame,2018,2025,pre-outcome pilot frame: selected before labor-outcome extraction; long public reporting history; sector coverage; no AI-language criterion,2026-08-09,exchange_frame_verified,20,2022,unresolved,,,,False,True,0,
SA_3060,Yanbu Cement Company,Saudi Arabia,Saudi Exchange,3060,Materials,pilot_frame,2018,2025,pre-outcome pilot frame: selected before labor-outcome extraction; long public reporting history; sector coverage; no AI-language criterion,2026-08-09,exchange_frame_verified,20,2023,unresolved,,,,False,True,0,
SA_3060,Yanbu Cement Company,Saudi Arabia,Saudi Exchange,3060,Materials,pilot_frame,2018,2025,pre-outcome pilot frame: selected before labor-outcome extraction; long public reporting history; sector coverage; no AI-language criterion,2026-08-09,exchange_frame_verified,20,2024,unresolved,,,,False,True,0,
SA_3060,Yanbu Cement Company,Saudi Arabia,Saudi Exchange,3060,Materials,pilot_frame,2018,2025,pre-outcome pilot frame: selected before labor-outcome extraction; long public reporting history; sector coverage; no AI-language criterion,2026-08-09,exchange_frame_verified,20,2025,unresolved,,,,False,True,1,research_batch_08_ai_evidence.csv
AE_DFM_EMIRATESNBD,Emirates NBD Bank PJSC,United Arab Emirates,Dubai Financial Market,EMIRATESNBD,Banks,pilot_frame,2018,2025,pre-outcome pilot frame: selected before labor-outcome extraction; long public reporting history; sector coverage; no AI-language criterion,2026-08-09,exchange_frame_verified,21,2018,unresolved,,,,False,True,0,
AE_DFM_EMIRATESNBD,Emirates NBD Bank PJSC,United Arab Emirates,Dubai Financial Market,EMIRATESNBD,Banks,pilot_frame,2018,2025,pre-outcome pilot frame: selected before labor-outcome extraction; long public reporting history; sector coverage; no AI-language criterion,2026-08-09,exchange_frame_verified,21,2019,exact,11845.0,1.0,research_batch_06_employment.csv,False,False,0,
AE_DFM_EMIRATESNBD,Emirates NBD Bank PJSC,United Arab Emirates,Dubai Financial Market,EMIRATESNBD,Banks,pilot_frame,2018,2025,pre-outcome pilot frame: selected before labor-outcome extraction; long public reporting history; sector coverage; no AI-language criterion,2026-08-09,exchange_frame_verified,21,2020,exact,11184.0,1.0,research_batch_06_employment.csv,False,False,0,
AE_DFM_EMIRATESNBD,Emirates NBD Bank PJSC,United Arab Emirates,Dubai Financial Market,EMIRATESNBD,Banks,pilot_frame,2018,2025,pre-outcome pilot frame: selected before labor-outcome extraction; long public reporting history; sector coverage; no AI-language criterion,2026-08-09,exchange_frame_verified,21,2021,exact,12603.0,1.0,research_batch_06_employment.csv,False,False,0,
AE_DFM_EMIRATESNBD,Emirates NBD Bank PJSC,United Arab Emirates,Dubai Financial Market,EMIRATESNBD,Banks,pilot_frame,2018,2025,pre-outcome pilot frame: selected before labor-outcome extraction; long public reporting history; sector coverage; no AI-language criterion,2026-08-09,exchange_frame_verified,21,2022,unresolved,,,,False,True,0,
AE_DFM_EMIRATESNBD,Emirates NBD Bank PJSC,United Arab Emirates,Dubai Financial Market,EMIRATESNBD,Banks,pilot_frame,2018,2025,pre-outcome pilot frame: selected before labor-outcome extraction; long public reporting history; sector coverage; no AI-language criterion,2026-08-09,exchange_frame_verified,21,2023,unresolved,,,,False,True,2,research_batch_06_ai_evidence.csv|research_batch_09_ai_evidence.csv
AE_DFM_EMIRATESNBD,Emirates NBD Bank PJSC,United Arab Emirates,Dubai Financial Market,EMIRATESNBD,Banks,pilot_frame,2018,2025,pre-outcome pilot frame: selected before labor-outcome extraction; long public reporting history; sector coverage; no AI-language criterion,2026-08-09,exchange_frame_verified,21,2024,exact_scope_break,17216.0,2.0,research_batch_06_employment.csv|research_batch_09_employment.csv,True,False,2,research_batch_06_ai_evidence.csv|research_batch_09_ai_evidence.csv
AE_DFM_EMIRATESNBD,Emirates NBD Bank PJSC,United Arab Emirates,Dubai Financial Market,EMIRATESNBD,Banks,pilot_frame,2018,2025,pre-outcome pilot frame: selected before labor-outcome extraction; long public reporting history; sector coverage; no AI-language criterion,2026-08-09,exchange_frame_verified,21,2025,unresolved,,,,False,True,1,research_batch_09_ai_evidence.csv
AE_DFM_DIB,Dubai Islamic Bank PJSC,United Arab Emirates,Dubai Financial Market,DIB,Banks,pilot_frame,2018,2025,pre-outcome pilot frame: selected before labor-outcome extraction; long public reporting history; sector coverage; no AI-language criterion,2026-08-09,exchange_frame_verified,22,2018,unresolved,,,,False,True,1,research_batch_10_ai_evidence.csv
AE_DFM_DIB,Dubai Islamic Bank PJSC,United Arab Emirates,Dubai Financial Market,DIB,Banks,pilot_frame,2018,2025,pre-outcome pilot frame: selected before labor-outcome extraction; long public reporting history; sector coverage; no AI-language criterion,2026-08-09,exchange_frame_verified,22,2019,unresolved,,,,False,True,0,
AE_DFM_DIB,Dubai Islamic Bank PJSC,United Arab Emirates,Dubai Financial Market,DIB,Banks,pilot_frame,2018,2025,pre-outcome pilot frame: selected before labor-outcome extraction; long public reporting history; sector coverage; no AI-language criterion,2026-08-09,exchange_frame_verified,22,2020,unresolved,,,,False,True,0,
AE_DFM_DIB,Dubai Islamic Bank PJSC,United Arab Emirates,Dubai Financial Market,DIB,Banks,pilot_frame,2018,2025,pre-outcome pilot frame: selected before labor-outcome extraction; long public reporting history; sector coverage; no AI-language criterion,2026-08-09,exchange_frame_verified,22,2021,unresolved,,,,False,True,0,
AE_DFM_DIB,Dubai Islamic Bank PJSC,United Arab Emirates,Dubai Financial Market,DIB,Banks,pilot_frame,2018,2025,pre-outcome pilot frame: selected before labor-outcome extraction; long public reporting history; sector coverage; no AI-language criterion,2026-08-09,exchange_frame_verified,22,2022,exact,1920.0,1.0,research_batch_10_employment.csv,False,False,1,research_batch_10_ai_evidence.csv
AE_DFM_DIB,Dubai Islamic Bank PJSC,United Arab Emirates,Dubai Financial Market,DIB,Banks,pilot_frame,2018,2025,pre-outcome pilot frame: selected before labor-outcome extraction; long public reporting history; sector coverage; no AI-language criterion,2026-08-09,exchange_frame_verified,22,2023,exact,2040.0,1.0,research_batch_10_employment.csv,False,False,0,
AE_DFM_DIB,Dubai Islamic Bank PJSC,United Arab Emirates,Dubai Financial Market,DIB,Banks,pilot_frame,2018,2025,pre-outcome pilot frame: selected before labor-outcome extraction; long public reporting history; sector coverage; no AI-language criterion,2026-08-09,exchange_frame_verified,22,2024,exact,2120.0,1.0,research_batch_10_employment.csv,False,False,0,
AE_DFM_DIB,Dubai Islamic Bank PJSC,United Arab Emirates,Dubai Financial Market,DIB,Banks,pilot_frame,2018,2025,pre-outcome pilot frame: selected before labor-outcome extraction; long public reporting history; sector coverage; no AI-language criterion,2026-08-09,exchange_frame_verified,22,2025,exact_scope_break,5004.0,1.0,research_batch_10_employment.csv,True,False,0,
AE_DFM_EMAAR,Emaar Properties PJSC,United Arab Emirates,Dubai Financial Market,EMAAR,Real Estate,pilot_frame,2018,2025,pre-outcome pilot frame: selected before labor-outcome extraction; long public reporting history; sector coverage; no AI-language criterion,2026-08-09,exchange_frame_verified,23,2018,unresolved,,,,False,True,2,research_batch_11_ai_evidence.csv|research_batch_28_ai_evidence.csv
AE_DFM_EMAAR,Emaar Properties PJSC,United Arab Emirates,Dubai Financial Market,EMAAR,Real Estate,pilot_frame,2018,2025,pre-outcome pilot frame: selected before labor-outcome extraction; long public reporting history; sector coverage; no AI-language criterion,2026-08-09,exchange_frame_verified,23,2019,unresolved,,,,False,True,0,
AE_DFM_EMAAR,Emaar Properties PJSC,United Arab Emirates,Dubai Financial Market,EMAAR,Real Estate,pilot_frame,2018,2025,pre-outcome pilot frame: selected before labor-outcome extraction; long public reporting history; sector coverage; no AI-language criterion,2026-08-09,exchange_frame_verified,23,2020,unresolved,,,,False,True,2,research_batch_11_ai_evidence.csv|research_batch_28_ai_evidence.csv
AE_DFM_EMAAR,Emaar Properties PJSC,United Arab Emirates,Dubai Financial Market,EMAAR,Real Estate,pilot_frame,2018,2025,pre-outcome pilot frame: selected before labor-outcome extraction; long public reporting history; sector coverage; no AI-language criterion,2026-08-09,exchange_frame_verified,23,2021,unresolved,,,,False,True,0,
AE_DFM_EMAAR,Emaar Properties PJSC,United Arab Emirates,Dubai Financial Market,EMAAR,Real Estate,pilot_frame,2018,2025,pre-outcome pilot frame: selected before labor-outcome extraction; long public reporting history; sector coverage; no AI-language criterion,2026-08-09,exchange_frame_verified,23,2022,unresolved,,,,False,True,0,
AE_DFM_EMAAR,Emaar Properties PJSC,United Arab Emirates,Dubai Financial Market,EMAAR,Real Estate,pilot_frame,2018,2025,pre-outcome pilot frame: selected before labor-outcome extraction; long public reporting history; sector coverage; no AI-language criterion,2026-08-09,exchange_frame_verified,23,2023,unresolved,,,,False,True,2,research_batch_11_ai_evidence.csv|research_batch_28_ai_evidence.csv
AE_DFM_EMAAR,Emaar Properties PJSC,United Arab Emirates,Dubai Financial Market,EMAAR,Real Estate,pilot_frame,2018,2025,pre-outcome pilot frame: selected before labor-outcome extraction; long public reporting history; sector coverage; no AI-language criterion,2026-08-09,exchange_frame_verified,23,2024,unresolved,,,,False,True,1,research_batch_28_ai_evidence.csv
AE_DFM_EMAAR,Emaar Properties PJSC,United Arab Emirates,Dubai Financial Market,EMAAR,Real Estate,pilot_frame,2018,2025,pre-outcome pilot frame: selected before labor-outcome extraction; long public reporting history; sector coverage; no AI-language criterion,2026-08-09,exchange_frame_verified,23,2025,unresolved,,,,False,True,0,
AE_DFM_EMAARDEV,Emaar Development PJSC,United Arab Emirates,Dubai Financial Market,EMAARDEV,Real Estate,pilot_frame,2018,2025,pre-outcome pilot frame: selected before labor-outcome extraction; long public reporting history; sector coverage; no AI-language criterion,2026-08-09,exchange_frame_verified,24,2018,unresolved,,,,False,True,0,
AE_DFM_EMAARDEV,Emaar Development PJSC,United Arab Emirates,Dubai Financial Market,EMAARDEV,Real Estate,pilot_frame,2018,2025,pre-outcome pilot frame: selected before labor-outcome extraction; long public reporting history; sector coverage; no AI-language criterion,2026-08-09,exchange_frame_verified,24,2019,unresolved,,,,False,True,0,
AE_DFM_EMAARDEV,Emaar Development PJSC,United Arab Emirates,Dubai Financial Market,EMAARDEV,Real Estate,pilot_frame,2018,2025,pre-outcome pilot frame: selected before labor-outcome extraction; long public reporting history; sector coverage; no AI-language criterion,2026-08-09,exchange_frame_verified,24,2020,unresolved,,,,False,True,0,
AE_DFM_EMAARDEV,Emaar Development PJSC,United Arab Emirates,Dubai Financial Market,EMAARDEV,Real Estate,pilot_frame,2018,2025,pre-outcome pilot frame: selected before labor-outcome extraction; long public reporting history; sector coverage; no AI-language criterion,2026-08-09,exchange_frame_verified,24,2021,unresolved,,,,False,True,0,
AE_DFM_EMAARDEV,Emaar Development PJSC,United Arab Emirates,Dubai Financial Market,EMAARDEV,Real Estate,pilot_frame,2018,2025,pre-outcome pilot frame: selected before labor-outcome extraction; long public reporting history; sector coverage; no AI-language criterion,2026-08-09,exchange_frame_verified,24,2022,exact,283.0,1.0,research_batch_32_employment.csv,False,False,0,
AE_DFM_EMAARDEV,Emaar Development PJSC,United Arab Emirates,Dubai Financial Market,EMAARDEV,Real Estate,pilot_frame,2018,2025,pre-outcome pilot frame: selected before labor-outcome extraction; long public reporting history; sector coverage; no AI-language criterion,2026-08-09,exchange_frame_verified,24,2023,unresolved,,,,False,True,0,
AE_DFM_EMAARDEV,Emaar Development PJSC,United Arab Emirates,Dubai Financial Market,EMAARDEV,Real Estate,pilot_frame,2018,2025,pre-outcome pilot frame: selected before labor-outcome extraction; long public reporting history; sector coverage; no AI-language criterion,2026-08-09,exchange_frame_verified,24,2024,unresolved,,,,False,True,0,
AE_DFM_EMAARDEV,Emaar Development PJSC,United Arab Emirates,Dubai Financial Market,EMAARDEV,Real Estate,pilot_frame,2018,2025,pre-outcome pilot frame: selected before labor-outcome extraction; long public reporting history; sector coverage; no AI-language criterion,2026-08-09,exchange_frame_verified,24,2025,unresolved,,,,False,True,0,
AE_DFM_DIC,Dubai Investments PJSC,United Arab Emirates,Dubai Financial Market,DIC,Financial Services / Diversified,pilot_frame,2018,2025,pre-outcome pilot frame: selected before labor-outcome extraction; long public reporting history; sector coverage; no AI-language criterion,2026-08-09,exchange_frame_verified,25,2018,unresolved,,,,False,True,0,
AE_DFM_DIC,Dubai Investments PJSC,United Arab Emirates,Dubai Financial Market,DIC,Financial Services / Diversified,pilot_frame,2018,2025,pre-outcome pilot frame: selected before labor-outcome extraction; long public reporting history; sector coverage; no AI-language criterion,2026-08-09,exchange_frame_verified,25,2019,unresolved,,,,False,True,0,
AE_DFM_DIC,Dubai Investments PJSC,United Arab Emirates,Dubai Financial Market,DIC,Financial Services / Diversified,pilot_frame,2018,2025,pre-outcome pilot frame: selected before labor-outcome extraction; long public reporting history; sector coverage; no AI-language criterion,2026-08-09,exchange_frame_verified,25,2020,unresolved,,,,False,True,0,
AE_DFM_DIC,Dubai Investments PJSC,United Arab Emirates,Dubai Financial Market,DIC,Financial Services / Diversified,pilot_frame,2018,2025,pre-outcome pilot frame: selected before labor-outcome extraction; long public reporting history; sector coverage; no AI-language criterion,2026-08-09,exchange_frame_verified,25,2021,unresolved,,,,False,True,0,
AE_DFM_DIC,Dubai Investments PJSC,United Arab Emirates,Dubai Financial Market,DIC,Financial Services / Diversified,pilot_frame,2018,2025,pre-outcome pilot frame: selected before labor-outcome extraction; long public reporting history; sector coverage; no AI-language criterion,2026-08-09,exchange_frame_verified,25,2022,unresolved,,,,False,True,0,
AE_DFM_DIC,Dubai Investments PJSC,United Arab Emirates,Dubai Financial Market,DIC,Financial Services / Diversified,pilot_frame,2018,2025,pre-outcome pilot frame: selected before labor-outcome extraction; long public reporting history; sector coverage; no AI-language criterion,2026-08-09,exchange_frame_verified,25,2023,exact,2019.0,1.0,research_batch_30_employment.csv,False,False,0,
AE_DFM_DIC,Dubai Investments PJSC,United Arab Emirates,Dubai Financial Market,DIC,Financial Services / Diversified,pilot_frame,2018,2025,pre-outcome pilot frame: selected before labor-outcome extraction; long public reporting history; sector coverage; no AI-language criterion,2026-08-09,exchange_frame_verified,25,2024,exact_scope_break,2720.0,1.0,research_batch_30_employment.csv,True,False,1,research_batch_30_ai_evidence.csv
AE_DFM_DIC,Dubai Investments PJSC,United Arab Emirates,Dubai Financial Market,DIC,Financial Services / Diversified,pilot_frame,2018,2025,pre-outcome pilot frame: selected before labor-outcome extraction; long public reporting history; sector coverage; no AI-language criterion,2026-08-09,exchange_frame_verified,25,2025,unresolved,,,,False,True,0,
AE_DFM_DU,Emirates Integrated Telecommunications Company PJSC,United Arab Emirates,Dubai Financial Market,DU,Telecommunication Services,pilot_frame,2018,2025,pre-outcome pilot frame: selected before labor-outcome extraction; long public reporting history; sector coverage; no AI-language criterion,2026-08-09,exchange_frame_verified,26,2018,unresolved,,,,False,True,0,
AE_DFM_DU,Emirates Integrated Telecommunications Company PJSC,United Arab Emirates,Dubai Financial Market,DU,Telecommunication Services,pilot_frame,2018,2025,pre-outcome pilot frame: selected before labor-outcome extraction; long public reporting history; sector coverage; no AI-language criterion,2026-08-09,exchange_frame_verified,26,2019,exact,1694.0,1.0,research_batch_13_employment.csv,False,False,1,research_batch_13_ai_evidence.csv
AE_DFM_DU,Emirates Integrated Telecommunications Company PJSC,United Arab Emirates,Dubai Financial Market,DU,Telecommunication Services,pilot_frame,2018,2025,pre-outcome pilot frame: selected before labor-outcome extraction; long public reporting history; sector coverage; no AI-language criterion,2026-08-09,exchange_frame_verified,26,2020,exact,1623.0,1.0,research_batch_13_employment.csv,False,False,1,research_batch_13_ai_evidence.csv
AE_DFM_DU,Emirates Integrated Telecommunications Company PJSC,United Arab Emirates,Dubai Financial Market,DU,Telecommunication Services,pilot_frame,2018,2025,pre-outcome pilot frame: selected before labor-outcome extraction; long public reporting history; sector coverage; no AI-language criterion,2026-08-09,exchange_frame_verified,26,2021,exact,1624.0,1.0,research_batch_13_employment.csv,False,False,1,research_batch_13_ai_evidence.csv
AE_DFM_DU,Emirates Integrated Telecommunications Company PJSC,United Arab Emirates,Dubai Financial Market,DU,Telecommunication Services,pilot_frame,2018,2025,pre-outcome pilot frame: selected before labor-outcome extraction; long public reporting history; sector coverage; no AI-language criterion,2026-08-09,exchange_frame_verified,26,2022,exact,1593.0,1.0,research_batch_13_employment.csv,False,False,0,
AE_DFM_DU,Emirates Integrated Telecommunications Company PJSC,United Arab Emirates,Dubai Financial Market,DU,Telecommunication Services,pilot_frame,2018,2025,pre-outcome pilot frame: selected before labor-outcome extraction; long public reporting history; sector coverage; no AI-language criterion,2026-08-09,exchange_frame_verified,26,2023,unresolved,,,,False,True,1,research_batch_13_ai_evidence.csv
AE_DFM_DU,Emirates Integrated Telecommunications Company PJSC,United Arab Emirates,Dubai Financial Market,DU,Telecommunication Services,pilot_frame,2018,2025,pre-outcome pilot frame: selected before labor-outcome extraction; long public reporting history; sector coverage; no AI-language criterion,2026-08-09,exchange_frame_verified,26,2024,unresolved,,,,False,True,1,research_batch_13_ai_evidence.csv
AE_DFM_DU,Emirates Integrated Telecommunications Company PJSC,United Arab Emirates,Dubai Financial Market,DU,Telecommunication Services,pilot_frame,2018,2025,pre-outcome pilot frame: selected before labor-outcome extraction; long public reporting history; sector coverage; no AI-language criterion,2026-08-09,exchange_frame_verified,26,2025,exact_scope_break,2687.0,1.0,research_batch_13_employment.csv,True,False,1,research_batch_13_ai_evidence.csv
AE_DFM_AIRARABIA,Air Arabia PJSC,United Arab Emirates,Dubai Financial Market,AIRARABIA,Transportation,pilot_frame,2018,2025,pre-outcome pilot frame: selected before labor-outcome extraction; long public reporting history; sector coverage; no AI-language criterion,2026-08-09,exchange_frame_verified,27,2018,unresolved,,,,False,True,0,
AE_DFM_AIRARABIA,Air Arabia PJSC,United Arab Emirates,Dubai Financial Market,AIRARABIA,Transportation,pilot_frame,2018,2025,pre-outcome pilot frame: selected before labor-outcome extraction; long public reporting history; sector coverage; no AI-language criterion,2026-08-09,exchange_frame_verified,27,2019,unresolved,,,,False,True,0,
AE_DFM_AIRARABIA,Air Arabia PJSC,United Arab Emirates,Dubai Financial Market,AIRARABIA,Transportation,pilot_frame,2018,2025,pre-outcome pilot frame: selected before labor-outcome extraction; long public reporting history; sector coverage; no AI-language criterion,2026-08-09,exchange_frame_verified,27,2020,unresolved,,,,False,True,0,
AE_DFM_AIRARABIA,Air Arabia PJSC,United Arab Emirates,Dubai Financial Market,AIRARABIA,Transportation,pilot_frame,2018,2025,pre-outcome pilot frame: selected before labor-outcome extraction; long public reporting history; sector coverage; no AI-language criterion,2026-08-09,exchange_frame_verified,27,2021,exact,2553.0,1.0,research_batch_14_employment.csv,False,False,0,
AE_DFM_AIRARABIA,Air Arabia PJSC,United Arab Emirates,Dubai Financial Market,AIRARABIA,Transportation,pilot_frame,2018,2025,pre-outcome pilot frame: selected before labor-outcome extraction; long public reporting history; sector coverage; no AI-language criterion,2026-08-09,exchange_frame_verified,27,2022,exact,3453.0,1.0,research_batch_14_employment.csv,False,False,0,
AE_DFM_AIRARABIA,Air Arabia PJSC,United Arab Emirates,Dubai Financial Market,AIRARABIA,Transportation,pilot_frame,2018,2025,pre-outcome pilot frame: selected before labor-outcome extraction; long public reporting history; sector coverage; no AI-language criterion,2026-08-09,exchange_frame_verified,27,2023,exact,4221.0,1.0,research_batch_14_employment.csv,False,False,1,research_batch_14_ai_evidence.csv
AE_DFM_AIRARABIA,Air Arabia PJSC,United Arab Emirates,Dubai Financial Market,AIRARABIA,Transportation,pilot_frame,2018,2025,pre-outcome pilot frame: selected before labor-outcome extraction; long public reporting history; sector coverage; no AI-language criterion,2026-08-09,exchange_frame_verified,27,2024,exact,4606.0,1.0,research_batch_40_employment.csv,False,False,0,
AE_DFM_AIRARABIA,Air Arabia PJSC,United Arab Emirates,Dubai Financial Market,AIRARABIA,Transportation,pilot_frame,2018,2025,pre-outcome pilot frame: selected before labor-outcome extraction; long public reporting history; sector coverage; no AI-language criterion,2026-08-09,exchange_frame_verified,27,2025,exact,5686.0,1.0,research_batch_40_employment.csv,False,False,0,
AE_DFM_ARMX,Aramex PJSC,United Arab Emirates,Dubai Financial Market,ARMX,Transportation,pilot_frame,2018,2025,pre-outcome pilot frame: selected before labor-outcome extraction; long public reporting history; sector coverage; no AI-language criterion,2026-08-09,exchange_frame_verified,28,2018,unresolved,,,,False,True,1,research_batch_27_ai_evidence.csv
AE_DFM_ARMX,Aramex PJSC,United Arab Emirates,Dubai Financial Market,ARMX,Transportation,pilot_frame,2018,2025,pre-outcome pilot frame: selected before labor-outcome extraction; long public reporting history; sector coverage; no AI-language criterion,2026-08-09,exchange_frame_verified,28,2019,exact,15929.0,1.0,research_batch_15_employment.csv,False,False,2,research_batch_15_ai_evidence.csv|research_batch_27_ai_evidence.csv
AE_DFM_ARMX,Aramex PJSC,United Arab Emirates,Dubai Financial Market,ARMX,Transportation,pilot_frame,2018,2025,pre-outcome pilot frame: selected before labor-outcome extraction; long public reporting history; sector coverage; no AI-language criterion,2026-08-09,exchange_frame_verified,28,2020,unresolved,,,,False,True,0,
AE_DFM_ARMX,Aramex PJSC,United Arab Emirates,Dubai Financial Market,ARMX,Transportation,pilot_frame,2018,2025,pre-outcome pilot frame: selected before labor-outcome extraction; long public reporting history; sector coverage; no AI-language criterion,2026-08-09,exchange_frame_verified,28,2021,exact,16359.0,1.0,research_batch_15_employment.csv,False,False,0,
AE_DFM_ARMX,Aramex PJSC,United Arab Emirates,Dubai Financial Market,ARMX,Transportation,pilot_frame,2018,2025,pre-outcome pilot frame: selected before labor-outcome extraction; long public reporting history; sector coverage; no AI-language criterion,2026-08-09,exchange_frame_verified,28,2022,unresolved,,,,False,True,0,
AE_DFM_ARMX,Aramex PJSC,United Arab Emirates,Dubai Financial Market,ARMX,Transportation,pilot_frame,2018,2025,pre-outcome pilot frame: selected before labor-outcome extraction; long public reporting history; sector coverage; no AI-language criterion,2026-08-09,exchange_frame_verified,28,2023,unresolved,,,,False,True,2,research_batch_15_ai_evidence.csv|research_batch_27_ai_evidence.csv
AE_DFM_ARMX,Aramex PJSC,United Arab Emirates,Dubai Financial Market,ARMX,Transportation,pilot_frame,2018,2025,pre-outcome pilot frame: selected before labor-outcome extraction; long public reporting history; sector coverage; no AI-language criterion,2026-08-09,exchange_frame_verified,28,2024,unresolved,,,,False,True,0,
AE_DFM_ARMX,Aramex PJSC,United Arab Emirates,Dubai Financial Market,ARMX,Transportation,pilot_frame,2018,2025,pre-outcome pilot frame: selected before labor-outcome extraction; long public reporting history; sector coverage; no AI-language criterion,2026-08-09,exchange_frame_verified,28,2025,unresolved,,,,False,True,0,
AE_DFM_TABREED,National Central Cooling Company PJSC (Tabreed),United Arab Emirates,Dubai Financial Market,TABREED,Utilities,pilot_frame,2018,2025,pre-outcome pilot frame: selected before labor-outcome extraction; long public reporting history; sector coverage; no AI-language criterion,2026-08-09,exchange_frame_verified,29,2018,unresolved,,,,False,True,0,
AE_DFM_TABREED,National Central Cooling Company PJSC (Tabreed),United Arab Emirates,Dubai Financial Market,TABREED,Utilities,pilot_frame,2018,2025,pre-outcome pilot frame: selected before labor-outcome extraction; long public reporting history; sector coverage; no AI-language criterion,2026-08-09,exchange_frame_verified,29,2019,unresolved,,,,False,True,0,
AE_DFM_TABREED,National Central Cooling Company PJSC (Tabreed),United Arab Emirates,Dubai Financial Market,TABREED,Utilities,pilot_frame,2018,2025,pre-outcome pilot frame: selected before labor-outcome extraction; long public reporting history; sector coverage; no AI-language criterion,2026-08-09,exchange_frame_verified,29,2020,unresolved,,,,False,True,0,
AE_DFM_TABREED,National Central Cooling Company PJSC (Tabreed),United Arab Emirates,Dubai Financial Market,TABREED,Utilities,pilot_frame,2018,2025,pre-outcome pilot frame: selected before labor-outcome extraction; long public reporting history; sector coverage; no AI-language criterion,2026-08-09,exchange_frame_verified,29,2021,exact_scope_break,888.0,1.0,research_batch_48_employment.csv,True,False,0,
AE_DFM_TABREED,National Central Cooling Company PJSC (Tabreed),United Arab Emirates,Dubai Financial Market,TABREED,Utilities,pilot_frame,2018,2025,pre-outcome pilot frame: selected before labor-outcome extraction; long public reporting history; sector coverage; no AI-language criterion,2026-08-09,exchange_frame_verified,29,2022,exact_scope_break,932.0,1.0,research_batch_48_employment.csv,True,False,1,research_batch_26_ai_evidence.csv
AE_DFM_TABREED,National Central Cooling Company PJSC (Tabreed),United Arab Emirates,Dubai Financial Market,TABREED,Utilities,pilot_frame,2018,2025,pre-outcome pilot frame: selected before labor-outcome extraction; long public reporting history; sector coverage; no AI-language criterion,2026-08-09,exchange_frame_verified,29,2023,exact,957.0,1.0,research_batch_47_employment.csv,False,False,1,research_batch_26_ai_evidence.csv
AE_DFM_TABREED,National Central Cooling Company PJSC (Tabreed),United Arab Emirates,Dubai Financial Market,TABREED,Utilities,pilot_frame,2018,2025,pre-outcome pilot frame: selected before labor-outcome extraction; long public reporting history; sector coverage; no AI-language criterion,2026-08-09,exchange_frame_verified,29,2024,exact,903.0,1.0,research_batch_48_employment.csv,False,False,0,
AE_DFM_TABREED,National Central Cooling Company PJSC (Tabreed),United Arab Emirates,Dubai Financial Market,TABREED,Utilities,pilot_frame,2018,2025,pre-outcome pilot frame: selected before labor-outcome extraction; long public reporting history; sector coverage; no AI-language criterion,2026-08-09,exchange_frame_verified,29,2025,exact,849.0,1.0,research_batch_46_employment.csv,False,False,0,
AE_DFM_UPP,Union Properties PJSC,United Arab Emirates,Dubai Financial Market,UPP,Real Estate,pilot_frame,2018,2025,pre-outcome pilot frame: selected before labor-outcome extraction; long public reporting history; sector coverage; no AI-language criterion,2026-08-09,exchange_frame_verified,30,2018,unresolved,,,,False,True,0,
AE_DFM_UPP,Union Properties PJSC,United Arab Emirates,Dubai Financial Market,UPP,Real Estate,pilot_frame,2018,2025,pre-outcome pilot frame: selected before labor-outcome extraction; long public reporting history; sector coverage; no AI-language criterion,2026-08-09,exchange_frame_verified,30,2019,unresolved,,,,False,True,0,
AE_DFM_UPP,Union Properties PJSC,United Arab Emirates,Dubai Financial Market,UPP,Real Estate,pilot_frame,2018,2025,pre-outcome pilot frame: selected before labor-outcome extraction; long public reporting history; sector coverage; no AI-language criterion,2026-08-09,exchange_frame_verified,30,2020,unresolved,,,,False,True,0,
AE_DFM_UPP,Union Properties PJSC,United Arab Emirates,Dubai Financial Market,UPP,Real Estate,pilot_frame,2018,2025,pre-outcome pilot frame: selected before labor-outcome extraction; long public reporting history; sector coverage; no AI-language criterion,2026-08-09,exchange_frame_verified,30,2021,unresolved,,,,False,True,0,
AE_DFM_UPP,Union Properties PJSC,United Arab Emirates,Dubai Financial Market,UPP,Real Estate,pilot_frame,2018,2025,pre-outcome pilot frame: selected before labor-outcome extraction; long public reporting history; sector coverage; no AI-language criterion,2026-08-09,exchange_frame_verified,30,2022,unresolved,,,,False,True,0,
AE_DFM_UPP,Union Properties PJSC,United Arab Emirates,Dubai Financial Market,UPP,Real Estate,pilot_frame,2018,2025,pre-outcome pilot frame: selected before labor-outcome extraction; long public reporting history; sector coverage; no AI-language criterion,2026-08-09,exchange_frame_verified,30,2023,unresolved,,,,False,True,0,
AE_DFM_UPP,Union Properties PJSC,United Arab Emirates,Dubai Financial Market,UPP,Real Estate,pilot_frame,2018,2025,pre-outcome pilot frame: selected before labor-outcome extraction; long public reporting history; sector coverage; no AI-language criterion,2026-08-09,exchange_frame_verified,30,2024,unresolved,,,,False,True,0,
AE_DFM_UPP,Union Properties PJSC,United Arab Emirates,Dubai Financial Market,UPP,Real Estate,pilot_frame,2018,2025,pre-outcome pilot frame: selected before labor-outcome extraction; long public reporting history; sector coverage; no AI-language criterion,2026-08-09,exchange_frame_verified,30,2025,unresolved,,,,False,True,0,
AE_DFM_DEYAAR,Deyaar Development PJSC,United Arab Emirates,Dubai Financial Market,DEYAAR,Real Estate,pilot_frame,2018,2025,pre-outcome pilot frame: selected before labor-outcome extraction; long public reporting history; sector coverage; no AI-language criterion,2026-08-09,exchange_frame_verified,31,2018,unresolved,,,,False,True,0,
AE_DFM_DEYAAR,Deyaar Development PJSC,United Arab Emirates,Dubai Financial Market,DEYAAR,Real Estate,pilot_frame,2018,2025,pre-outcome pilot frame: selected before labor-outcome extraction; long public reporting history; sector coverage; no AI-language criterion,2026-08-09,exchange_frame_verified,31,2019,unresolved,,,,False,True,0,
AE_DFM_DEYAAR,Deyaar Development PJSC,United Arab Emirates,Dubai Financial Market,DEYAAR,Real Estate,pilot_frame,2018,2025,pre-outcome pilot frame: selected before labor-outcome extraction; long public reporting history; sector coverage; no AI-language criterion,2026-08-09,exchange_frame_verified,31,2020,unresolved,,,,False,True,0,
AE_DFM_DEYAAR,Deyaar Development PJSC,United Arab Emirates,Dubai Financial Market,DEYAAR,Real Estate,pilot_frame,2018,2025,pre-outcome pilot frame: selected before labor-outcome extraction; long public reporting history; sector coverage; no AI-language criterion,2026-08-09,exchange_frame_verified,31,2021,unresolved,,,,False,True,0,
AE_DFM_DEYAAR,Deyaar Development PJSC,United Arab Emirates,Dubai Financial Market,DEYAAR,Real Estate,pilot_frame,2018,2025,pre-outcome pilot frame: selected before labor-outcome extraction; long public reporting history; sector coverage; no AI-language criterion,2026-08-09,exchange_frame_verified,31,2022,unresolved,,,,False,True,0,
AE_DFM_DEYAAR,Deyaar Development PJSC,United Arab Emirates,Dubai Financial Market,DEYAAR,Real Estate,pilot_frame,2018,2025,pre-outcome pilot frame: selected before labor-outcome extraction; long public reporting history; sector coverage; no AI-language criterion,2026-08-09,exchange_frame_verified,31,2023,exact,258.0,1.0,research_batch_31_employment.csv,False,False,0,
AE_DFM_DEYAAR,Deyaar Development PJSC,United Arab Emirates,Dubai Financial Market,DEYAAR,Real Estate,pilot_frame,2018,2025,pre-outcome pilot frame: selected before labor-outcome extraction; long public reporting history; sector coverage; no AI-language criterion,2026-08-09,exchange_frame_verified,31,2024,exact,273.0,1.0,research_batch_31_employment.csv,False,False,0,
AE_DFM_DEYAAR,Deyaar Development PJSC,United Arab Emirates,Dubai Financial Market,DEYAAR,Real Estate,pilot_frame,2018,2025,pre-outcome pilot frame: selected before labor-outcome extraction; long public reporting history; sector coverage; no AI-language criterion,2026-08-09,exchange_frame_verified,31,2025,unresolved,,,,False,True,0,
AE_DFM_CBD,Commercial Bank of Dubai PSC,United Arab Emirates,Dubai Financial Market,CBD,Banks,pilot_frame,2018,2025,pre-outcome pilot frame: selected before labor-outcome extraction; long public reporting history; sector coverage; no AI-language criterion,2026-08-09,exchange_frame_verified,32,2018,unresolved,,,,False,True,0,
AE_DFM_CBD,Commercial Bank of Dubai PSC,United Arab Emirates,Dubai Financial Market,CBD,Banks,pilot_frame,2018,2025,pre-outcome pilot frame: selected before labor-outcome extraction; long public reporting history; sector coverage; no AI-language criterion,2026-08-09,exchange_frame_verified,32,2019,unresolved,,,,False,True,0,
AE_DFM_CBD,Commercial Bank of Dubai PSC,United Arab Emirates,Dubai Financial Market,CBD,Banks,pilot_frame,2018,2025,pre-outcome pilot frame: selected before labor-outcome extraction; long public reporting history; sector coverage; no AI-language criterion,2026-08-09,exchange_frame_verified,32,2020,unresolved,,,,False,True,0,
AE_DFM_CBD,Commercial Bank of Dubai PSC,United Arab Emirates,Dubai Financial Market,CBD,Banks,pilot_frame,2018,2025,pre-outcome pilot frame: selected before labor-outcome extraction; long public reporting history; sector coverage; no AI-language criterion,2026-08-09,exchange_frame_verified,32,2021,unresolved,,,,False,True,0,
AE_DFM_CBD,Commercial Bank of Dubai PSC,United Arab Emirates,Dubai Financial Market,CBD,Banks,pilot_frame,2018,2025,pre-outcome pilot frame: selected before labor-outcome extraction; long public reporting history; sector coverage; no AI-language criterion,2026-08-09,exchange_frame_verified,32,2022,unresolved,,,,False,True,0,
AE_DFM_CBD,Commercial Bank of Dubai PSC,United Arab Emirates,Dubai Financial Market,CBD,Banks,pilot_frame,2018,2025,pre-outcome pilot frame: selected before labor-outcome extraction; long public reporting history; sector coverage; no AI-language criterion,2026-08-09,exchange_frame_verified,32,2023,unresolved,,,,False,True,0,
AE_DFM_CBD,Commercial Bank of Dubai PSC,United Arab Emirates,Dubai Financial Market,CBD,Banks,pilot_frame,2018,2025,pre-outcome pilot frame: selected before labor-outcome extraction; long public reporting history; sector coverage; no AI-language criterion,2026-08-09,exchange_frame_verified,32,2024,unresolved,,,,False,True,1,research_batch_30_ai_evidence.csv
AE_DFM_CBD,Commercial Bank of Dubai PSC,United Arab Emirates,Dubai Financial Market,CBD,Banks,pilot_frame,2018,2025,pre-outcome pilot frame: selected before labor-outcome extraction; long public reporting history; sector coverage; no AI-language criterion,2026-08-09,exchange_frame_verified,32,2025,unresolved,,,,False,True,1,research_batch_30_ai_evidence.csv
AE_DFM_MASQ,Mashreqbank PSC,United Arab Emirates,Dubai Financial Market,MASQ,Banks,pilot_frame,2018,2025,pre-outcome pilot frame: selected before labor-outcome extraction; long public reporting history; sector coverage; no AI-language criterion,2026-08-09,exchange_frame_verified,33,2018,unresolved,,,,False,True,0,
AE_DFM_MASQ,Mashreqbank PSC,United Arab Emirates,Dubai Financial Market,MASQ,Banks,pilot_frame,2018,2025,pre-outcome pilot frame: selected before labor-outcome extraction; long public reporting history; sector coverage; no AI-language criterion,2026-08-09,exchange_frame_verified,33,2019,unresolved,,,,False,True,0,
AE_DFM_MASQ,Mashreqbank PSC,United Arab Emirates,Dubai Financial Market,MASQ,Banks,pilot_frame,2018,2025,pre-outcome pilot frame: selected before labor-outcome extraction; long public reporting history; sector coverage; no AI-language criterion,2026-08-09,exchange_frame_verified,33,2020,unresolved,,,,False,True,0,
AE_DFM_MASQ,Mashreqbank PSC,United Arab Emirates,Dubai Financial Market,MASQ,Banks,pilot_frame,2018,2025,pre-outcome pilot frame: selected before labor-outcome extraction; long public reporting history; sector coverage; no AI-language criterion,2026-08-09,exchange_frame_verified,33,2021,unresolved,,,,False,True,0,
AE_DFM_MASQ,Mashreqbank PSC,United Arab Emirates,Dubai Financial Market,MASQ,Banks,pilot_frame,2018,2025,pre-outcome pilot frame: selected before labor-outcome extraction; long public reporting history; sector coverage; no AI-language criterion,2026-08-09,exchange_frame_verified,33,2022,unresolved,,,,False,True,0,
AE_DFM_MASQ,Mashreqbank PSC,United Arab Emirates,Dubai Financial Market,MASQ,Banks,pilot_frame,2018,2025,pre-outcome pilot frame: selected before labor-outcome extraction; long public reporting history; sector coverage; no AI-language criterion,2026-08-09,exchange_frame_verified,33,2023,exact,2462.0,1.0,research_batch_29_employment.csv,False,False,1,research_batch_29_ai_evidence.csv
AE_DFM_MASQ,Mashreqbank PSC,United Arab Emirates,Dubai Financial Market,MASQ,Banks,pilot_frame,2018,2025,pre-outcome pilot frame: selected before labor-outcome extraction; long public reporting history; sector coverage; no AI-language criterion,2026-08-09,exchange_frame_verified,33,2024,exact,2465.0,1.0,research_batch_29_employment.csv,False,False,0,
AE_DFM_MASQ,Mashreqbank PSC,United Arab Emirates,Dubai Financial Market,MASQ,Banks,pilot_frame,2018,2025,pre-outcome pilot frame: selected before labor-outcome extraction; long public reporting history; sector coverage; no AI-language criterion,2026-08-09,exchange_frame_verified,33,2025,unresolved,,,,False,True,0,
AE_DFM_DFM,Dubai Financial Market PJSC,United Arab Emirates,Dubai Financial Market,DFM,Financial Services,pilot_frame,2018,2025,pre-outcome pilot frame: selected before labor-outcome extraction; long public reporting history; sector coverage; no AI-language criterion,2026-08-09,exchange_frame_verified,34,2018,unresolved,,,,False,True,0,
AE_DFM_DFM,Dubai Financial Market PJSC,United Arab Emirates,Dubai Financial Market,DFM,Financial Services,pilot_frame,2018,2025,pre-outcome pilot frame: selected before labor-outcome extraction; long public reporting history; sector coverage; no AI-language criterion,2026-08-09,exchange_frame_verified,34,2019,unresolved,,,,False,True,0,
AE_DFM_DFM,Dubai Financial Market PJSC,United Arab Emirates,Dubai Financial Market,DFM,Financial Services,pilot_frame,2018,2025,pre-outcome pilot frame: selected before labor-outcome extraction; long public reporting history; sector coverage; no AI-language criterion,2026-08-09,exchange_frame_verified,34,2020,unresolved,,,,False,True,0,
AE_DFM_DFM,Dubai Financial Market PJSC,United Arab Emirates,Dubai Financial Market,DFM,Financial Services,pilot_frame,2018,2025,pre-outcome pilot frame: selected before labor-outcome extraction; long public reporting history; sector coverage; no AI-language criterion,2026-08-09,exchange_frame_verified,34,2021,unresolved,,,,False,True,0,
AE_DFM_DFM,Dubai Financial Market PJSC,United Arab Emirates,Dubai Financial Market,DFM,Financial Services,pilot_frame,2018,2025,pre-outcome pilot frame: selected before labor-outcome extraction; long public reporting history; sector coverage; no AI-language criterion,2026-08-09,exchange_frame_verified,34,2022,unresolved,,,,False,True,0,
AE_DFM_DFM,Dubai Financial Market PJSC,United Arab Emirates,Dubai Financial Market,DFM,Financial Services,pilot_frame,2018,2025,pre-outcome pilot frame: selected before labor-outcome extraction; long public reporting history; sector coverage; no AI-language criterion,2026-08-09,exchange_frame_verified,34,2023,unresolved,,,,False,True,0,
AE_DFM_DFM,Dubai Financial Market PJSC,United Arab Emirates,Dubai Financial Market,DFM,Financial Services,pilot_frame,2018,2025,pre-outcome pilot frame: selected before labor-outcome extraction; long public reporting history; sector coverage; no AI-language criterion,2026-08-09,exchange_frame_verified,34,2024,exact,136.0,1.0,research_batch_45_employment.csv,False,False,0,
AE_DFM_DFM,Dubai Financial Market PJSC,United Arab Emirates,Dubai Financial Market,DFM,Financial Services,pilot_frame,2018,2025,pre-outcome pilot frame: selected before labor-outcome extraction; long public reporting history; sector coverage; no AI-language criterion,2026-08-09,exchange_frame_verified,34,2025,exact,135.0,1.0,research_batch_45_employment.csv,False,False,0,
AE_DFM_AJMANBANK,Ajman Bank PJSC,United Arab Emirates,Dubai Financial Market,AJMANBANK,Banks,pilot_frame,2018,2025,pre-outcome pilot frame: selected before labor-outcome extraction; long public reporting history; sector coverage; no AI-language criterion,2026-08-09,exchange_frame_verified,35,2018,unresolved,,,,False,True,0,
AE_DFM_AJMANBANK,Ajman Bank PJSC,United Arab Emirates,Dubai Financial Market,AJMANBANK,Banks,pilot_frame,2018,2025,pre-outcome pilot frame: selected before labor-outcome extraction; long public reporting history; sector coverage; no AI-language criterion,2026-08-09,exchange_frame_verified,35,2019,unresolved,,,,False,True,0,
AE_DFM_AJMANBANK,Ajman Bank PJSC,United Arab Emirates,Dubai Financial Market,AJMANBANK,Banks,pilot_frame,2018,2025,pre-outcome pilot frame: selected before labor-outcome extraction; long public reporting history; sector coverage; no AI-language criterion,2026-08-09,exchange_frame_verified,35,2020,unresolved,,,,False,True,0,
AE_DFM_AJMANBANK,Ajman Bank PJSC,United Arab Emirates,Dubai Financial Market,AJMANBANK,Banks,pilot_frame,2018,2025,pre-outcome pilot frame: selected before labor-outcome extraction; long public reporting history; sector coverage; no AI-language criterion,2026-08-09,exchange_frame_verified,35,2021,unresolved,,,,False,True,0,
AE_DFM_AJMANBANK,Ajman Bank PJSC,United Arab Emirates,Dubai Financial Market,AJMANBANK,Banks,pilot_frame,2018,2025,pre-outcome pilot frame: selected before labor-outcome extraction; long public reporting history; sector coverage; no AI-language criterion,2026-08-09,exchange_frame_verified,35,2022,unresolved,,,,False,True,0,
AE_DFM_AJMANBANK,Ajman Bank PJSC,United Arab Emirates,Dubai Financial Market,AJMANBANK,Banks,pilot_frame,2018,2025,pre-outcome pilot frame: selected before labor-outcome extraction; long public reporting history; sector coverage; no AI-language criterion,2026-08-09,exchange_frame_verified,35,2023,exact,523.0,1.0,research_batch_56_employment.csv,False,False,0,
AE_DFM_AJMANBANK,Ajman Bank PJSC,United Arab Emirates,Dubai Financial Market,AJMANBANK,Banks,pilot_frame,2018,2025,pre-outcome pilot frame: selected before labor-outcome extraction; long public reporting history; sector coverage; no AI-language criterion,2026-08-09,exchange_frame_verified,35,2024,exact,539.0,1.0,research_batch_56_employment.csv,False,False,0,
AE_DFM_AJMANBANK,Ajman Bank PJSC,United Arab Emirates,Dubai Financial Market,AJMANBANK,Banks,pilot_frame,2018,2025,pre-outcome pilot frame: selected before labor-outcome extraction; long public reporting history; sector coverage; no AI-language criterion,2026-08-09,exchange_frame_verified,35,2025,unresolved,,,,False,True,2,research_batch_30_ai_evidence.csv
QA_QNBK,QNB Group,Qatar,Qatar Stock Exchange,QNBK,Banks & Financial Services,pilot_frame,2018,2025,pre-outcome pilot frame: selected before labor-outcome extraction; long public reporting history; sector coverage; no AI-language criterion,2026-08-09,exchange_frame_verified,36,2018,rounded,29000.0,1.0,research_batch_22_employment.csv,False,True,0,
QA_QNBK,QNB Group,Qatar,Qatar Stock Exchange,QNBK,Banks & Financial Services,pilot_frame,2018,2025,pre-outcome pilot frame: selected before labor-outcome extraction; long public reporting history; sector coverage; no AI-language criterion,2026-08-09,exchange_frame_verified,36,2019,rounded,29000.0,1.0,research_batch_22_employment.csv,False,True,0,
QA_QNBK,QNB Group,Qatar,Qatar Stock Exchange,QNBK,Banks & Financial Services,pilot_frame,2018,2025,pre-outcome pilot frame: selected before labor-outcome extraction; long public reporting history; sector coverage; no AI-language criterion,2026-08-09,exchange_frame_verified,36,2020,rounded,28000.0,1.0,research_batch_22_employment.csv,False,True,0,
QA_QNBK,QNB Group,Qatar,Qatar Stock Exchange,QNBK,Banks & Financial Services,pilot_frame,2018,2025,pre-outcome pilot frame: selected before labor-outcome extraction; long public reporting history; sector coverage; no AI-language criterion,2026-08-09,exchange_frame_verified,36,2021,rounded,27000.0,2.0,research_batch_22_employment.csv|research_batch_34_employment.csv,False,True,0,
QA_QNBK,QNB Group,Qatar,Qatar Stock Exchange,QNBK,Banks & Financial Services,pilot_frame,2018,2025,pre-outcome pilot frame: selected before labor-outcome extraction; long public reporting history; sector coverage; no AI-language criterion,2026-08-09,exchange_frame_verified,36,2022,rounded,28000.0,2.0,research_batch_22_employment.csv|research_batch_34_employment.csv,False,True,0,
QA_QNBK,QNB Group,Qatar,Qatar Stock Exchange,QNBK,Banks & Financial Services,pilot_frame,2018,2025,pre-outcome pilot frame: selected before labor-outcome extraction; long public reporting history; sector coverage; no AI-language criterion,2026-08-09,exchange_frame_verified,36,2023,rounded,30000.0,2.0,research_batch_22_employment.csv|research_batch_34_employment.csv,False,True,0,
QA_QNBK,QNB Group,Qatar,Qatar Stock Exchange,QNBK,Banks & Financial Services,pilot_frame,2018,2025,pre-outcome pilot frame: selected before labor-outcome extraction; long public reporting history; sector coverage; no AI-language criterion,2026-08-09,exchange_frame_verified,36,2024,rounded,31000.0,2.0,research_batch_22_employment.csv|research_batch_34_employment.csv,False,True,2,research_batch_22_ai_evidence.csv|research_batch_34_ai_evidence.csv
QA_QNBK,QNB Group,Qatar,Qatar Stock Exchange,QNBK,Banks & Financial Services,pilot_frame,2018,2025,pre-outcome pilot frame: selected before labor-outcome extraction; long public reporting history; sector coverage; no AI-language criterion,2026-08-09,exchange_frame_verified,36,2025,rounded,31000.0,1.0,research_batch_22_employment.csv,False,True,0,
QA_QIBK,Qatar Islamic Bank,Qatar,Qatar Stock Exchange,QIBK,Banks & Financial Services,pilot_frame,2018,2025,pre-outcome pilot frame: selected before labor-outcome extraction; long public reporting history; sector coverage; no AI-language criterion,2026-08-09,exchange_frame_verified,37,2018,unresolved,,,,False,True,0,
QA_QIBK,Qatar Islamic Bank,Qatar,Qatar Stock Exchange,QIBK,Banks & Financial Services,pilot_frame,2018,2025,pre-outcome pilot frame: selected before labor-outcome extraction; long public reporting history; sector coverage; no AI-language criterion,2026-08-09,exchange_frame_verified,37,2019,exact,792.0,1.0,research_batch_42_employment.csv,False,False,0,
QA_QIBK,Qatar Islamic Bank,Qatar,Qatar Stock Exchange,QIBK,Banks & Financial Services,pilot_frame,2018,2025,pre-outcome pilot frame: selected before labor-outcome extraction; long public reporting history; sector coverage; no AI-language criterion,2026-08-09,exchange_frame_verified,37,2020,exact,861.0,1.0,research_batch_42_employment.csv,False,False,0,
QA_QIBK,Qatar Islamic Bank,Qatar,Qatar Stock Exchange,QIBK,Banks & Financial Services,pilot_frame,2018,2025,pre-outcome pilot frame: selected before labor-outcome extraction; long public reporting history; sector coverage; no AI-language criterion,2026-08-09,exchange_frame_verified,37,2021,exact,835.0,1.0,research_batch_42_employment.csv,False,False,1,research_batch_19_ai_evidence.csv
QA_QIBK,Qatar Islamic Bank,Qatar,Qatar Stock Exchange,QIBK,Banks & Financial Services,pilot_frame,2018,2025,pre-outcome pilot frame: selected before labor-outcome extraction; long public reporting history; sector coverage; no AI-language criterion,2026-08-09,exchange_frame_verified,37,2022,exact,765.0,1.0,research_batch_41_employment.csv,False,False,0,
QA_QIBK,Qatar Islamic Bank,Qatar,Qatar Stock Exchange,QIBK,Banks & Financial Services,pilot_frame,2018,2025,pre-outcome pilot frame: selected before labor-outcome extraction; long public reporting history; sector coverage; no AI-language criterion,2026-08-09,exchange_frame_verified,37,2023,exact,801.0,1.0,research_batch_41_employment.csv,False,False,0,
QA_QIBK,Qatar Islamic Bank,Qatar,Qatar Stock Exchange,QIBK,Banks & Financial Services,pilot_frame,2018,2025,pre-outcome pilot frame: selected before labor-outcome extraction; long public reporting history; sector coverage; no AI-language criterion,2026-08-09,exchange_frame_verified,37,2024,exact,819.0,1.0,research_batch_41_employment.csv,False,False,1,research_batch_19_ai_evidence.csv
QA_QIBK,Qatar Islamic Bank,Qatar,Qatar Stock Exchange,QIBK,Banks & Financial Services,pilot_frame,2018,2025,pre-outcome pilot frame: selected before labor-outcome extraction; long public reporting history; sector coverage; no AI-language criterion,2026-08-09,exchange_frame_verified,37,2025,unresolved,,,,False,True,1,research_batch_19_ai_evidence.csv
QA_CBQK,Commercial Bank of Qatar,Qatar,Qatar Stock Exchange,CBQK,Banks & Financial Services,pilot_frame,2018,2025,pre-outcome pilot frame: selected before labor-outcome extraction; long public reporting history; sector coverage; no AI-language criterion,2026-08-09,exchange_frame_verified,38,2018,unresolved,,,,False,True,0,
QA_CBQK,Commercial Bank of Qatar,Qatar,Qatar Stock Exchange,CBQK,Banks & Financial Services,pilot_frame,2018,2025,pre-outcome pilot frame: selected before labor-outcome extraction; long public reporting history; sector coverage; no AI-language criterion,2026-08-09,exchange_frame_verified,38,2019,unresolved,,,,False,True,0,
QA_CBQK,Commercial Bank of Qatar,Qatar,Qatar Stock Exchange,CBQK,Banks & Financial Services,pilot_frame,2018,2025,pre-outcome pilot frame: selected before labor-outcome extraction; long public reporting history; sector coverage; no AI-language criterion,2026-08-09,exchange_frame_verified,38,2020,unresolved,,,,False,True,0,
QA_CBQK,Commercial Bank of Qatar,Qatar,Qatar Stock Exchange,CBQK,Banks & Financial Services,pilot_frame,2018,2025,pre-outcome pilot frame: selected before labor-outcome extraction; long public reporting history; sector coverage; no AI-language criterion,2026-08-09,exchange_frame_verified,38,2021,unresolved,,,,False,True,0,
QA_CBQK,Commercial Bank of Qatar,Qatar,Qatar Stock Exchange,CBQK,Banks & Financial Services,pilot_frame,2018,2025,pre-outcome pilot frame: selected before labor-outcome extraction; long public reporting history; sector coverage; no AI-language criterion,2026-08-09,exchange_frame_verified,38,2022,unresolved,,,,False,True,0,
QA_CBQK,Commercial Bank of Qatar,Qatar,Qatar Stock Exchange,CBQK,Banks & Financial Services,pilot_frame,2018,2025,pre-outcome pilot frame: selected before labor-outcome extraction; long public reporting history; sector coverage; no AI-language criterion,2026-08-09,exchange_frame_verified,38,2023,unresolved,,,,False,True,0,
QA_CBQK,Commercial Bank of Qatar,Qatar,Qatar Stock Exchange,CBQK,Banks & Financial Services,pilot_frame,2018,2025,pre-outcome pilot frame: selected before labor-outcome extraction; long public reporting history; sector coverage; no AI-language criterion,2026-08-09,exchange_frame_verified,38,2024,unresolved,,,,False,True,0,
QA_CBQK,Commercial Bank of Qatar,Qatar,Qatar Stock Exchange,CBQK,Banks & Financial Services,pilot_frame,2018,2025,pre-outcome pilot frame: selected before labor-outcome extraction; long public reporting history; sector coverage; no AI-language criterion,2026-08-09,exchange_frame_verified,38,2025,unresolved,,,,False,True,1,research_batch_52_ai_evidence.csv
QA_MARK,Masraf Al Rayan,Qatar,Qatar Stock Exchange,MARK,Banks & Financial Services,pilot_frame,2018,2025,pre-outcome pilot frame: selected before labor-outcome extraction; long public reporting history; sector coverage; no AI-language criterion,2026-08-09,exchange_frame_verified,39,2018,unresolved,,,,False,True,0,
QA_MARK,Masraf Al Rayan,Qatar,Qatar Stock Exchange,MARK,Banks & Financial Services,pilot_frame,2018,2025,pre-outcome pilot frame: selected before labor-outcome extraction; long public reporting history; sector coverage; no AI-language criterion,2026-08-09,exchange_frame_verified,39,2019,unresolved,,,,False,True,0,
QA_MARK,Masraf Al Rayan,Qatar,Qatar Stock Exchange,MARK,Banks & Financial Services,pilot_frame,2018,2025,pre-outcome pilot frame: selected before labor-outcome extraction; long public reporting history; sector coverage; no AI-language criterion,2026-08-09,exchange_frame_verified,39,2020,exact,767.0,1.0,research_batch_16_employment.csv,False,False,0,
QA_MARK,Masraf Al Rayan,Qatar,Qatar Stock Exchange,MARK,Banks & Financial Services,pilot_frame,2018,2025,pre-outcome pilot frame: selected before labor-outcome extraction; long public reporting history; sector coverage; no AI-language criterion,2026-08-09,exchange_frame_verified,39,2021,exact_scope_break,744.0,1.0,research_batch_16_employment.csv,True,False,0,
QA_MARK,Masraf Al Rayan,Qatar,Qatar Stock Exchange,MARK,Banks & Financial Services,pilot_frame,2018,2025,pre-outcome pilot frame: selected before labor-outcome extraction; long public reporting history; sector coverage; no AI-language criterion,2026-08-09,exchange_frame_verified,39,2022,exact,610.0,1.0,research_batch_16_employment.csv,False,False,0,
QA_MARK,Masraf Al Rayan,Qatar,Qatar Stock Exchange,MARK,Banks & Financial Services,pilot_frame,2018,2025,pre-outcome pilot frame: selected before labor-outcome extraction; long public reporting history; sector coverage; no AI-language criterion,2026-08-09,exchange_frame_verified,39,2023,exact,572.0,1.0,research_batch_16_employment.csv,False,False,0,
QA_MARK,Masraf Al Rayan,Qatar,Qatar Stock Exchange,MARK,Banks & Financial Services,pilot_frame,2018,2025,pre-outcome pilot frame: selected before labor-outcome extraction; long public reporting history; sector coverage; no AI-language criterion,2026-08-09,exchange_frame_verified,39,2024,exact,551.0,1.0,research_batch_16_employment.csv,False,False,0,
QA_MARK,Masraf Al Rayan,Qatar,Qatar Stock Exchange,MARK,Banks & Financial Services,pilot_frame,2018,2025,pre-outcome pilot frame: selected before labor-outcome extraction; long public reporting history; sector coverage; no AI-language criterion,2026-08-09,exchange_frame_verified,39,2025,exact,577.0,1.0,research_batch_16_employment.csv,False,False,1,research_batch_16_ai_evidence.csv
QA_DHBK,Doha Bank,Qatar,Qatar Stock Exchange,DHBK,Banks & Financial Services,pilot_frame,2018,2025,pre-outcome pilot frame: selected before labor-outcome extraction; long public reporting history; sector coverage; no AI-language criterion,2026-08-09,exchange_frame_verified,40,2018,exact,1007.0,1.0,research_batch_20_employment.csv,False,False,0,
QA_DHBK,Doha Bank,Qatar,Qatar Stock Exchange,DHBK,Banks & Financial Services,pilot_frame,2018,2025,pre-outcome pilot frame: selected before labor-outcome extraction; long public reporting history; sector coverage; no AI-language criterion,2026-08-09,exchange_frame_verified,40,2019,exact,987.0,1.0,research_batch_20_employment.csv,False,False,0,
QA_DHBK,Doha Bank,Qatar,Qatar Stock Exchange,DHBK,Banks & Financial Services,pilot_frame,2018,2025,pre-outcome pilot frame: selected before labor-outcome extraction; long public reporting history; sector coverage; no AI-language criterion,2026-08-09,exchange_frame_verified,40,2020,exact,900.0,1.0,research_batch_20_employment.csv,False,False,0,
QA_DHBK,Doha Bank,Qatar,Qatar Stock Exchange,DHBK,Banks & Financial Services,pilot_frame,2018,2025,pre-outcome pilot frame: selected before labor-outcome extraction; long public reporting history; sector coverage; no AI-language criterion,2026-08-09,exchange_frame_verified,40,2021,exact,963.0,1.0,research_batch_20_employment.csv,False,False,0,
QA_DHBK,Doha Bank,Qatar,Qatar Stock Exchange,DHBK,Banks & Financial Services,pilot_frame,2018,2025,pre-outcome pilot frame: selected before labor-outcome extraction; long public reporting history; sector coverage; no AI-language criterion,2026-08-09,exchange_frame_verified,40,2022,exact,990.0,1.0,research_batch_20_employment.csv,False,False,0,
QA_DHBK,Doha Bank,Qatar,Qatar Stock Exchange,DHBK,Banks & Financial Services,pilot_frame,2018,2025,pre-outcome pilot frame: selected before labor-outcome extraction; long public reporting history; sector coverage; no AI-language criterion,2026-08-09,exchange_frame_verified,40,2023,exact,978.0,1.0,research_batch_20_employment.csv,False,False,0,
QA_DHBK,Doha Bank,Qatar,Qatar Stock Exchange,DHBK,Banks & Financial Services,pilot_frame,2018,2025,pre-outcome pilot frame: selected before labor-outcome extraction; long public reporting history; sector coverage; no AI-language criterion,2026-08-09,exchange_frame_verified,40,2024,exact_scope_break,1180.0,2.0,research_batch_20_employment.csv|research_batch_35_employment.csv,True,False,0,
QA_DHBK,Doha Bank,Qatar,Qatar Stock Exchange,DHBK,Banks & Financial Services,pilot_frame,2018,2025,pre-outcome pilot frame: selected before labor-outcome extraction; long public reporting history; sector coverage; no AI-language criterion,2026-08-09,exchange_frame_verified,40,2025,unresolved,,,,False,True,0,
QA_IQCD,Industries Qatar Q.P.S.C.,Qatar,Qatar Stock Exchange,IQCD,Industrials,pilot_frame,2018,2025,pre-outcome pilot frame: selected before labor-outcome extraction; long public reporting history; sector coverage; no AI-language criterion,2026-08-09,exchange_frame_verified,41,2018,unresolved,,,,False,True,0,
QA_IQCD,Industries Qatar Q.P.S.C.,Qatar,Qatar Stock Exchange,IQCD,Industrials,pilot_frame,2018,2025,pre-outcome pilot frame: selected before labor-outcome extraction; long public reporting history; sector coverage; no AI-language criterion,2026-08-09,exchange_frame_verified,41,2019,unresolved,,,,False,True,0,
QA_IQCD,Industries Qatar Q.P.S.C.,Qatar,Qatar Stock Exchange,IQCD,Industrials,pilot_frame,2018,2025,pre-outcome pilot frame: selected before labor-outcome extraction; long public reporting history; sector coverage; no AI-language criterion,2026-08-09,exchange_frame_verified,41,2020,exact,3834.0,1.0,research_batch_49_employment.csv,False,False,0,
QA_IQCD,Industries Qatar Q.P.S.C.,Qatar,Qatar Stock Exchange,IQCD,Industrials,pilot_frame,2018,2025,pre-outcome pilot frame: selected before labor-outcome extraction; long public reporting history; sector coverage; no AI-language criterion,2026-08-09,exchange_frame_verified,41,2021,exact,3705.0,1.0,research_batch_49_employment.csv,False,False,0,
QA_IQCD,Industries Qatar Q.P.S.C.,Qatar,Qatar Stock Exchange,IQCD,Industrials,pilot_frame,2018,2025,pre-outcome pilot frame: selected before labor-outcome extraction; long public reporting history; sector coverage; no AI-language criterion,2026-08-09,exchange_frame_verified,41,2022,unresolved,,,,False,True,0,
QA_IQCD,Industries Qatar Q.P.S.C.,Qatar,Qatar Stock Exchange,IQCD,Industrials,pilot_frame,2018,2025,pre-outcome pilot frame: selected before labor-outcome extraction; long public reporting history; sector coverage; no AI-language criterion,2026-08-09,exchange_frame_verified,41,2023,unresolved,,,,False,True,0,
QA_IQCD,Industries Qatar Q.P.S.C.,Qatar,Qatar Stock Exchange,IQCD,Industrials,pilot_frame,2018,2025,pre-outcome pilot frame: selected before labor-outcome extraction; long public reporting history; sector coverage; no AI-language criterion,2026-08-09,exchange_frame_verified,41,2024,unresolved,,,,False,True,0,
QA_IQCD,Industries Qatar Q.P.S.C.,Qatar,Qatar Stock Exchange,IQCD,Industrials,pilot_frame,2018,2025,pre-outcome pilot frame: selected before labor-outcome extraction; long public reporting history; sector coverage; no AI-language criterion,2026-08-09,exchange_frame_verified,41,2025,unresolved,,,,False,True,0,
QA_QEWS,Qatar Electricity & Water Company,Qatar,Qatar Stock Exchange,QEWS,Industrials / Utilities,pilot_frame,2018,2025,pre-outcome pilot frame: selected before labor-outcome extraction; long public reporting history; sector coverage; no AI-language criterion,2026-08-09,exchange_frame_verified,42,2018,unresolved,,,,False,True,0,
QA_QEWS,Qatar Electricity & Water Company,Qatar,Qatar Stock Exchange,QEWS,Industrials / Utilities,pilot_frame,2018,2025,pre-outcome pilot frame: selected before labor-outcome extraction; long public reporting history; sector coverage; no AI-language criterion,2026-08-09,exchange_frame_verified,42,2019,unresolved,,,,False,True,0,
QA_QEWS,Qatar Electricity & Water Company,Qatar,Qatar Stock Exchange,QEWS,Industrials / Utilities,pilot_frame,2018,2025,pre-outcome pilot frame: selected before labor-outcome extraction; long public reporting history; sector coverage; no AI-language criterion,2026-08-09,exchange_frame_verified,42,2020,unresolved,,,,False,True,0,
QA_QEWS,Qatar Electricity & Water Company,Qatar,Qatar Stock Exchange,QEWS,Industrials / Utilities,pilot_frame,2018,2025,pre-outcome pilot frame: selected before labor-outcome extraction; long public reporting history; sector coverage; no AI-language criterion,2026-08-09,exchange_frame_verified,42,2021,exact,450.0,1.0,research_batch_23_employment.csv,False,False,0,
QA_QEWS,Qatar Electricity & Water Company,Qatar,Qatar Stock Exchange,QEWS,Industrials / Utilities,pilot_frame,2018,2025,pre-outcome pilot frame: selected before labor-outcome extraction; long public reporting history; sector coverage; no AI-language criterion,2026-08-09,exchange_frame_verified,42,2022,exact,462.0,1.0,research_batch_23_employment.csv,False,False,0,
QA_QEWS,Qatar Electricity & Water Company,Qatar,Qatar Stock Exchange,QEWS,Industrials / Utilities,pilot_frame,2018,2025,pre-outcome pilot frame: selected before labor-outcome extraction; long public reporting history; sector coverage; no AI-language criterion,2026-08-09,exchange_frame_verified,42,2023,exact,427.0,1.0,research_batch_23_employment.csv,False,False,0,
QA_QEWS,Qatar Electricity & Water Company,Qatar,Qatar Stock Exchange,QEWS,Industrials / Utilities,pilot_frame,2018,2025,pre-outcome pilot frame: selected before labor-outcome extraction; long public reporting history; sector coverage; no AI-language criterion,2026-08-09,exchange_frame_verified,42,2024,exact_scope_break,472.0,1.0,research_batch_23_employment.csv,True,False,0,
QA_QEWS,Qatar Electricity & Water Company,Qatar,Qatar Stock Exchange,QEWS,Industrials / Utilities,pilot_frame,2018,2025,pre-outcome pilot frame: selected before labor-outcome extraction; long public reporting history; sector coverage; no AI-language criterion,2026-08-09,exchange_frame_verified,42,2025,unresolved,,,,False,True,0,
QA_QFLS,Qatar Fuel Company (WOQOD),Qatar,Qatar Stock Exchange,QFLS,Consumer Services / Energy Distribution,pilot_frame,2018,2025,pre-outcome pilot frame: selected before labor-outcome extraction; long public reporting history; sector coverage; no AI-language criterion,2026-08-09,exchange_frame_verified,43,2018,exact,1899.0,1.0,research_batch_21_employment.csv,False,False,0,
QA_QFLS,Qatar Fuel Company (WOQOD),Qatar,Qatar Stock Exchange,QFLS,Consumer Services / Energy Distribution,pilot_frame,2018,2025,pre-outcome pilot frame: selected before labor-outcome extraction; long public reporting history; sector coverage; no AI-language criterion,2026-08-09,exchange_frame_verified,43,2019,exact,1647.0,1.0,research_batch_21_employment.csv,False,False,0,
QA_QFLS,Qatar Fuel Company (WOQOD),Qatar,Qatar Stock Exchange,QFLS,Consumer Services / Energy Distribution,pilot_frame,2018,2025,pre-outcome pilot frame: selected before labor-outcome extraction; long public reporting history; sector coverage; no AI-language criterion,2026-08-09,exchange_frame_verified,43,2020,exact,1513.0,1.0,research_batch_21_employment.csv,False,False,0,
QA_QFLS,Qatar Fuel Company (WOQOD),Qatar,Qatar Stock Exchange,QFLS,Consumer Services / Energy Distribution,pilot_frame,2018,2025,pre-outcome pilot frame: selected before labor-outcome extraction; long public reporting history; sector coverage; no AI-language criterion,2026-08-09,exchange_frame_verified,43,2021,unresolved,,,,False,True,0,
QA_QFLS,Qatar Fuel Company (WOQOD),Qatar,Qatar Stock Exchange,QFLS,Consumer Services / Energy Distribution,pilot_frame,2018,2025,pre-outcome pilot frame: selected before labor-outcome extraction; long public reporting history; sector coverage; no AI-language criterion,2026-08-09,exchange_frame_verified,43,2022,exact,1514.0,1.0,research_batch_21_employment.csv,False,False,0,
QA_QFLS,Qatar Fuel Company (WOQOD),Qatar,Qatar Stock Exchange,QFLS,Consumer Services / Energy Distribution,pilot_frame,2018,2025,pre-outcome pilot frame: selected before labor-outcome extraction; long public reporting history; sector coverage; no AI-language criterion,2026-08-09,exchange_frame_verified,43,2023,exact,1657.0,1.0,research_batch_21_employment.csv,False,False,0,
QA_QFLS,Qatar Fuel Company (WOQOD),Qatar,Qatar Stock Exchange,QFLS,Consumer Services / Energy Distribution,pilot_frame,2018,2025,pre-outcome pilot frame: selected before labor-outcome extraction; long public reporting history; sector coverage; no AI-language criterion,2026-08-09,exchange_frame_verified,43,2024,exact,1636.0,1.0,research_batch_21_employment.csv,False,False,0,
QA_QFLS,Qatar Fuel Company (WOQOD),Qatar,Qatar Stock Exchange,QFLS,Consumer Services / Energy Distribution,pilot_frame,2018,2025,pre-outcome pilot frame: selected before labor-outcome extraction; long public reporting history; sector coverage; no AI-language criterion,2026-08-09,exchange_frame_verified,43,2025,unresolved,,,,False,True,0,
QA_ORDS,Ooredoo Q.P.S.C.,Qatar,Qatar Stock Exchange,ORDS,Telecoms,pilot_frame,2018,2025,pre-outcome pilot frame: selected before labor-outcome extraction; long public reporting history; sector coverage; no AI-language criterion,2026-08-09,exchange_frame_verified,44,2018,exact,1362.0,1.0,research_batch_17_employment.csv,False,False,0,
QA_ORDS,Ooredoo Q.P.S.C.,Qatar,Qatar Stock Exchange,ORDS,Telecoms,pilot_frame,2018,2025,pre-outcome pilot frame: selected before labor-outcome extraction; long public reporting history; sector coverage; no AI-language criterion,2026-08-09,exchange_frame_verified,44,2019,exact,1303.0,1.0,research_batch_17_employment.csv,False,False,0,
QA_ORDS,Ooredoo Q.P.S.C.,Qatar,Qatar Stock Exchange,ORDS,Telecoms,pilot_frame,2018,2025,pre-outcome pilot frame: selected before labor-outcome extraction; long public reporting history; sector coverage; no AI-language criterion,2026-08-09,exchange_frame_verified,44,2020,exact,1217.0,2.0,research_batch_17_employment.csv|research_batch_33_employment.csv,False,False,0,
QA_ORDS,Ooredoo Q.P.S.C.,Qatar,Qatar Stock Exchange,ORDS,Telecoms,pilot_frame,2018,2025,pre-outcome pilot frame: selected before labor-outcome extraction; long public reporting history; sector coverage; no AI-language criterion,2026-08-09,exchange_frame_verified,44,2021,exact,1191.0,2.0,research_batch_17_employment.csv|research_batch_33_employment.csv,False,False,0,
QA_ORDS,Ooredoo Q.P.S.C.,Qatar,Qatar Stock Exchange,ORDS,Telecoms,pilot_frame,2018,2025,pre-outcome pilot frame: selected before labor-outcome extraction; long public reporting history; sector coverage; no AI-language criterion,2026-08-09,exchange_frame_verified,44,2022,exact,1152.0,2.0,research_batch_17_employment.csv|research_batch_33_employment.csv,False,False,0,
QA_ORDS,Ooredoo Q.P.S.C.,Qatar,Qatar Stock Exchange,ORDS,Telecoms,pilot_frame,2018,2025,pre-outcome pilot frame: selected before labor-outcome extraction; long public reporting history; sector coverage; no AI-language criterion,2026-08-09,exchange_frame_verified,44,2023,exact,1143.0,2.0,research_batch_17_employment.csv|research_batch_33_employment.csv,False,False,0,
QA_ORDS,Ooredoo Q.P.S.C.,Qatar,Qatar Stock Exchange,ORDS,Telecoms,pilot_frame,2018,2025,pre-outcome pilot frame: selected before labor-outcome extraction; long public reporting history; sector coverage; no AI-language criterion,2026-08-09,exchange_frame_verified,44,2024,exact,1115.0,2.0,research_batch_17_employment.csv|research_batch_33_employment.csv,False,False,0,
QA_ORDS,Ooredoo Q.P.S.C.,Qatar,Qatar Stock Exchange,ORDS,Telecoms,pilot_frame,2018,2025,pre-outcome pilot frame: selected before labor-outcome extraction; long public reporting history; sector coverage; no AI-language criterion,2026-08-09,exchange_frame_verified,44,2025,exact,1047.0,1.0,research_batch_17_employment.csv,False,False,1,research_batch_17_ai_evidence.csv
QA_VFQS,Vodafone Qatar P.Q.S.C.,Qatar,Qatar Stock Exchange,VFQS,Telecoms,pilot_frame,2018,2025,pre-outcome pilot frame: selected before labor-outcome extraction; long public reporting history; sector coverage; no AI-language criterion,2026-08-09,exchange_frame_verified,45,2018,unresolved,,,,False,True,0,
QA_VFQS,Vodafone Qatar P.Q.S.C.,Qatar,Qatar Stock Exchange,VFQS,Telecoms,pilot_frame,2018,2025,pre-outcome pilot frame: selected before labor-outcome extraction; long public reporting history; sector coverage; no AI-language criterion,2026-08-09,exchange_frame_verified,45,2019,unresolved,,,,False,True,0,
QA_VFQS,Vodafone Qatar P.Q.S.C.,Qatar,Qatar Stock Exchange,VFQS,Telecoms,pilot_frame,2018,2025,pre-outcome pilot frame: selected before labor-outcome extraction; long public reporting history; sector coverage; no AI-language criterion,2026-08-09,exchange_frame_verified,45,2020,exact,458.0,1.0,research_batch_18_employment.csv,False,False,0,
QA_VFQS,Vodafone Qatar P.Q.S.C.,Qatar,Qatar Stock Exchange,VFQS,Telecoms,pilot_frame,2018,2025,pre-outcome pilot frame: selected before labor-outcome extraction; long public reporting history; sector coverage; no AI-language criterion,2026-08-09,exchange_frame_verified,45,2021,exact,477.0,1.0,research_batch_18_employment.csv,False,False,1,research_batch_18_ai_evidence.csv
QA_VFQS,Vodafone Qatar P.Q.S.C.,Qatar,Qatar Stock Exchange,VFQS,Telecoms,pilot_frame,2018,2025,pre-outcome pilot frame: selected before labor-outcome extraction; long public reporting history; sector coverage; no AI-language criterion,2026-08-09,exchange_frame_verified,45,2022,exact,539.0,1.0,research_batch_18_employment.csv,False,False,0,
QA_VFQS,Vodafone Qatar P.Q.S.C.,Qatar,Qatar Stock Exchange,VFQS,Telecoms,pilot_frame,2018,2025,pre-outcome pilot frame: selected before labor-outcome extraction; long public reporting history; sector coverage; no AI-language criterion,2026-08-09,exchange_frame_verified,45,2023,unresolved,,,,False,True,1,research_batch_18_ai_evidence.csv
QA_VFQS,Vodafone Qatar P.Q.S.C.,Qatar,Qatar Stock Exchange,VFQS,Telecoms,pilot_frame,2018,2025,pre-outcome pilot frame: selected before labor-outcome extraction; long public reporting history; sector coverage; no AI-language criterion,2026-08-09,exchange_frame_verified,45,2024,unresolved,,,,False,True,2,research_batch_18_ai_evidence.csv|research_batch_33_ai_evidence.csv
QA_VFQS,Vodafone Qatar P.Q.S.C.,Qatar,Qatar Stock Exchange,VFQS,Telecoms,pilot_frame,2018,2025,pre-outcome pilot frame: selected before labor-outcome extraction; long public reporting history; sector coverage; no AI-language criterion,2026-08-09,exchange_frame_verified,45,2025,unresolved,,,,False,True,0,
QA_QGTS,Qatar Gas Transport Company Ltd. (Nakilat),Qatar,Qatar Stock Exchange,QGTS,Transportation,pilot_frame,2018,2025,pre-outcome pilot frame: selected before labor-outcome extraction; long public reporting history; sector coverage; no AI-language criterion,2026-08-09,exchange_frame_verified,46,2018,unresolved,,,,False,True,0,
QA_QGTS,Qatar Gas Transport Company Ltd. (Nakilat),Qatar,Qatar Stock Exchange,QGTS,Transportation,pilot_frame,2018,2025,pre-outcome pilot frame: selected before labor-outcome extraction; long public reporting history; sector coverage; no AI-language criterion,2026-08-09,exchange_frame_verified,46,2019,unresolved,,,,False,True,0,
QA_QGTS,Qatar Gas Transport Company Ltd. (Nakilat),Qatar,Qatar Stock Exchange,QGTS,Transportation,pilot_frame,2018,2025,pre-outcome pilot frame: selected before labor-outcome extraction; long public reporting history; sector coverage; no AI-language criterion,2026-08-09,exchange_frame_verified,46,2020,unresolved,,,,False,True,0,
QA_QGTS,Qatar Gas Transport Company Ltd. (Nakilat),Qatar,Qatar Stock Exchange,QGTS,Transportation,pilot_frame,2018,2025,pre-outcome pilot frame: selected before labor-outcome extraction; long public reporting history; sector coverage; no AI-language criterion,2026-08-09,exchange_frame_verified,46,2021,unresolved,,,,False,True,0,
QA_QGTS,Qatar Gas Transport Company Ltd. (Nakilat),Qatar,Qatar Stock Exchange,QGTS,Transportation,pilot_frame,2018,2025,pre-outcome pilot frame: selected before labor-outcome extraction; long public reporting history; sector coverage; no AI-language criterion,2026-08-09,exchange_frame_verified,46,2022,unresolved,,,,False,True,0,
QA_QGTS,Qatar Gas Transport Company Ltd. (Nakilat),Qatar,Qatar Stock Exchange,QGTS,Transportation,pilot_frame,2018,2025,pre-outcome pilot frame: selected before labor-outcome extraction; long public reporting history; sector coverage; no AI-language criterion,2026-08-09,exchange_frame_verified,46,2023,unresolved,,,,False,True,0,
QA_QGTS,Qatar Gas Transport Company Ltd. (Nakilat),Qatar,Qatar Stock Exchange,QGTS,Transportation,pilot_frame,2018,2025,pre-outcome pilot frame: selected before labor-outcome extraction; long public reporting history; sector coverage; no AI-language criterion,2026-08-09,exchange_frame_verified,46,2024,unresolved,,,,False,True,0,
QA_QGTS,Qatar Gas Transport Company Ltd. (Nakilat),Qatar,Qatar Stock Exchange,QGTS,Transportation,pilot_frame,2018,2025,pre-outcome pilot frame: selected before labor-outcome extraction; long public reporting history; sector coverage; no AI-language criterion,2026-08-09,exchange_frame_verified,46,2025,unresolved,,,,False,True,0,
QA_QNNS,Qatar Navigation Q.P.S.C. (Milaha),Qatar,Qatar Stock Exchange,QNNS,Transportation,pilot_frame,2018,2025,pre-outcome pilot frame: selected before labor-outcome extraction; long public reporting history; sector coverage; no AI-language criterion,2026-08-09,exchange_frame_verified,47,2018,rounded,4092.0,1.0,research_batch_43_employment.csv,True,False,1,research_batch_23_ai_evidence.csv
QA_QNNS,Qatar Navigation Q.P.S.C. (Milaha),Qatar,Qatar Stock Exchange,QNNS,Transportation,pilot_frame,2018,2025,pre-outcome pilot frame: selected before labor-outcome extraction; long public reporting history; sector coverage; no AI-language criterion,2026-08-09,exchange_frame_verified,47,2019,rounded,4004.0,1.0,research_batch_43_employment.csv,True,False,1,research_batch_23_ai_evidence.csv
QA_QNNS,Qatar Navigation Q.P.S.C. (Milaha),Qatar,Qatar Stock Exchange,QNNS,Transportation,pilot_frame,2018,2025,pre-outcome pilot frame: selected before labor-outcome extraction; long public reporting history; sector coverage; no AI-language criterion,2026-08-09,exchange_frame_verified,47,2020,rounded,4329.0,1.0,research_batch_43_employment.csv,True,False,0,
QA_QNNS,Qatar Navigation Q.P.S.C. (Milaha),Qatar,Qatar Stock Exchange,QNNS,Transportation,pilot_frame,2018,2025,pre-outcome pilot frame: selected before labor-outcome extraction; long public reporting history; sector coverage; no AI-language criterion,2026-08-09,exchange_frame_verified,47,2021,rounded,4786.0,1.0,research_batch_43_employment.csv,False,False,0,
QA_QNNS,Qatar Navigation Q.P.S.C. (Milaha),Qatar,Qatar Stock Exchange,QNNS,Transportation,pilot_frame,2018,2025,pre-outcome pilot frame: selected before labor-outcome extraction; long public reporting history; sector coverage; no AI-language criterion,2026-08-09,exchange_frame_verified,47,2022,rounded,4862.0,1.0,research_batch_43_employment.csv,False,False,0,
QA_QNNS,Qatar Navigation Q.P.S.C. (Milaha),Qatar,Qatar Stock Exchange,QNNS,Transportation,pilot_frame,2018,2025,pre-outcome pilot frame: selected before labor-outcome extraction; long public reporting history; sector coverage; no AI-language criterion,2026-08-09,exchange_frame_verified,47,2023,rounded,4131.0,1.0,research_batch_43_employment.csv,False,False,0,
QA_QNNS,Qatar Navigation Q.P.S.C. (Milaha),Qatar,Qatar Stock Exchange,QNNS,Transportation,pilot_frame,2018,2025,pre-outcome pilot frame: selected before labor-outcome extraction; long public reporting history; sector coverage; no AI-language criterion,2026-08-09,exchange_frame_verified,47,2024,rounded,4398.0,1.0,research_batch_43_employment.csv,False,False,1,research_batch_23_ai_evidence.csv
QA_QNNS,Qatar Navigation Q.P.S.C. (Milaha),Qatar,Qatar Stock Exchange,QNNS,Transportation,pilot_frame,2018,2025,pre-outcome pilot frame: selected before labor-outcome extraction; long public reporting history; sector coverage; no AI-language criterion,2026-08-09,exchange_frame_verified,47,2025,rounded,4233.0,1.0,research_batch_44_employment.csv,False,False,0,
QA_GWCS,Gulf Warehousing Company Q.P.S.C.,Qatar,Qatar Stock Exchange,GWCS,Transportation,pilot_frame,2018,2025,pre-outcome pilot frame: selected before labor-outcome extraction; long public reporting history; sector coverage; no AI-language criterion,2026-08-09,exchange_frame_verified,48,2018,unresolved,,,,False,True,0,
QA_GWCS,Gulf Warehousing Company Q.P.S.C.,Qatar,Qatar Stock Exchange,GWCS,Transportation,pilot_frame,2018,2025,pre-outcome pilot frame: selected before labor-outcome extraction; long public reporting history; sector coverage; no AI-language criterion,2026-08-09,exchange_frame_verified,48,2019,exact_scope_break,2893.0,1.0,research_batch_51_employment.csv,True,False,0,
QA_GWCS,Gulf Warehousing Company Q.P.S.C.,Qatar,Qatar Stock Exchange,GWCS,Transportation,pilot_frame,2018,2025,pre-outcome pilot frame: selected before labor-outcome extraction; long public reporting history; sector coverage; no AI-language criterion,2026-08-09,exchange_frame_verified,48,2020,exact_scope_break,3005.0,1.0,research_batch_51_employment.csv,True,False,0,
QA_GWCS,Gulf Warehousing Company Q.P.S.C.,Qatar,Qatar Stock Exchange,GWCS,Transportation,pilot_frame,2018,2025,pre-outcome pilot frame: selected before labor-outcome extraction; long public reporting history; sector coverage; no AI-language criterion,2026-08-09,exchange_frame_verified,48,2021,exact_scope_break,3625.0,1.0,research_batch_51_employment.csv,True,False,0,
QA_GWCS,Gulf Warehousing Company Q.P.S.C.,Qatar,Qatar Stock Exchange,GWCS,Transportation,pilot_frame,2018,2025,pre-outcome pilot frame: selected before labor-outcome extraction; long public reporting history; sector coverage; no AI-language criterion,2026-08-09,exchange_frame_verified,48,2022,exact_scope_break,3965.0,1.0,research_batch_51_employment.csv,True,False,0,
QA_GWCS,Gulf Warehousing Company Q.P.S.C.,Qatar,Qatar Stock Exchange,GWCS,Transportation,pilot_frame,2018,2025,pre-outcome pilot frame: selected before labor-outcome extraction; long public reporting history; sector coverage; no AI-language criterion,2026-08-09,exchange_frame_verified,48,2023,exact_scope_break,3774.0,1.0,research_batch_51_employment.csv,True,False,0,
QA_GWCS,Gulf Warehousing Company Q.P.S.C.,Qatar,Qatar Stock Exchange,GWCS,Transportation,pilot_frame,2018,2025,pre-outcome pilot frame: selected before labor-outcome extraction; long public reporting history; sector coverage; no AI-language criterion,2026-08-09,exchange_frame_verified,48,2024,exact_scope_break,3474.0,1.0,research_batch_51_employment.csv,True,False,1,research_batch_24_ai_evidence.csv
QA_GWCS,Gulf Warehousing Company Q.P.S.C.,Qatar,Qatar Stock Exchange,GWCS,Transportation,pilot_frame,2018,2025,pre-outcome pilot frame: selected before labor-outcome extraction; long public reporting history; sector coverage; no AI-language criterion,2026-08-09,exchange_frame_verified,48,2025,exact_scope_break,3358.0,1.0,research_batch_51_employment.csv,True,False,0,
QA_BRES,Barwa Real Estate Company Q.P.S.C.,Qatar,Qatar Stock Exchange,BRES,Real Estate,pilot_frame,2018,2025,pre-outcome pilot frame: selected before labor-outcome extraction; long public reporting history; sector coverage; no AI-language criterion,2026-08-09,exchange_frame_verified,49,2018,unresolved,,,,False,True,0,
QA_BRES,Barwa Real Estate Company Q.P.S.C.,Qatar,Qatar Stock Exchange,BRES,Real Estate,pilot_frame,2018,2025,pre-outcome pilot frame: selected before labor-outcome extraction; long public reporting history; sector coverage; no AI-language criterion,2026-08-09,exchange_frame_verified,49,2019,exact,137.0,1.0,research_batch_50_employment.csv,False,False,0,
QA_BRES,Barwa Real Estate Company Q.P.S.C.,Qatar,Qatar Stock Exchange,BRES,Real Estate,pilot_frame,2018,2025,pre-outcome pilot frame: selected before labor-outcome extraction; long public reporting history; sector coverage; no AI-language criterion,2026-08-09,exchange_frame_verified,49,2020,exact,131.0,1.0,research_batch_50_employment.csv,False,False,0,
QA_BRES,Barwa Real Estate Company Q.P.S.C.,Qatar,Qatar Stock Exchange,BRES,Real Estate,pilot_frame,2018,2025,pre-outcome pilot frame: selected before labor-outcome extraction; long public reporting history; sector coverage; no AI-language criterion,2026-08-09,exchange_frame_verified,49,2021,exact,137.0,1.0,research_batch_50_employment.csv,False,False,0,
QA_BRES,Barwa Real Estate Company Q.P.S.C.,Qatar,Qatar Stock Exchange,BRES,Real Estate,pilot_frame,2018,2025,pre-outcome pilot frame: selected before labor-outcome extraction; long public reporting history; sector coverage; no AI-language criterion,2026-08-09,exchange_frame_verified,49,2022,exact,129.0,1.0,research_batch_50_employment.csv,False,False,0,
QA_BRES,Barwa Real Estate Company Q.P.S.C.,Qatar,Qatar Stock Exchange,BRES,Real Estate,pilot_frame,2018,2025,pre-outcome pilot frame: selected before labor-outcome extraction; long public reporting history; sector coverage; no AI-language criterion,2026-08-09,exchange_frame_verified,49,2023,exact,126.0,1.0,research_batch_50_employment.csv,False,False,0,
QA_BRES,Barwa Real Estate Company Q.P.S.C.,Qatar,Qatar Stock Exchange,BRES,Real Estate,pilot_frame,2018,2025,pre-outcome pilot frame: selected before labor-outcome extraction; long public reporting history; sector coverage; no AI-language criterion,2026-08-09,exchange_frame_verified,49,2024,exact,124.0,1.0,research_batch_50_employment.csv,False,False,0,
QA_BRES,Barwa Real Estate Company Q.P.S.C.,Qatar,Qatar Stock Exchange,BRES,Real Estate,pilot_frame,2018,2025,pre-outcome pilot frame: selected before labor-outcome extraction; long public reporting history; sector coverage; no AI-language criterion,2026-08-09,exchange_frame_verified,49,2025,exact,122.0,1.0,research_batch_50_employment.csv,False,False,0,
QA_UDCD,United Development Company Q.P.S.C.,Qatar,Qatar Stock Exchange,UDCD,Real Estate,pilot_frame,2018,2025,pre-outcome pilot frame: selected before labor-outcome extraction; long public reporting history; sector coverage; no AI-language criterion,2026-08-09,exchange_frame_verified,50,2018,unresolved,,,,False,True,0,
QA_UDCD,United Development Company Q.P.S.C.,Qatar,Qatar Stock Exchange,UDCD,Real Estate,pilot_frame,2018,2025,pre-outcome pilot frame: selected before labor-outcome extraction; long public reporting history; sector coverage; no AI-language criterion,2026-08-09,exchange_frame_verified,50,2019,unresolved,,,,False,True,0,
QA_UDCD,United Development Company Q.P.S.C.,Qatar,Qatar Stock Exchange,UDCD,Real Estate,pilot_frame,2018,2025,pre-outcome pilot frame: selected before labor-outcome extraction; long public reporting history; sector coverage; no AI-language criterion,2026-08-09,exchange_frame_verified,50,2020,unresolved,,,,False,True,0,
QA_UDCD,United Development Company Q.P.S.C.,Qatar,Qatar Stock Exchange,UDCD,Real Estate,pilot_frame,2018,2025,pre-outcome pilot frame: selected before labor-outcome extraction; long public reporting history; sector coverage; no AI-language criterion,2026-08-09,exchange_frame_verified,50,2021,unresolved,,,,False,True,0,
QA_UDCD,United Development Company Q.P.S.C.,Qatar,Qatar Stock Exchange,UDCD,Real Estate,pilot_frame,2018,2025,pre-outcome pilot frame: selected before labor-outcome extraction; long public reporting history; sector coverage; no AI-language criterion,2026-08-09,exchange_frame_verified,50,2022,unresolved,,,,False,True,0,
QA_UDCD,United Development Company Q.P.S.C.,Qatar,Qatar Stock Exchange,UDCD,Real Estate,pilot_frame,2018,2025,pre-outcome pilot frame: selected before labor-outcome extraction; long public reporting history; sector coverage; no AI-language criterion,2026-08-09,exchange_frame_verified,50,2023,unresolved,,,,False,True,0,
QA_UDCD,United Development Company Q.P.S.C.,Qatar,Qatar Stock Exchange,UDCD,Real Estate,pilot_frame,2018,2025,pre-outcome pilot frame: selected before labor-outcome extraction; long public reporting history; sector coverage; no AI-language criterion,2026-08-09,exchange_frame_verified,50,2024,unresolved,,,,False,True,0,
QA_UDCD,United Development Company Q.P.S.C.,Qatar,Qatar Stock Exchange,UDCD,Real Estate,pilot_frame,2018,2025,pre-outcome pilot frame: selected before labor-outcome extraction; long public reporting history; sector coverage; no AI-language criterion,2026-08-09,exchange_frame_verified,50,2025,unresolved,,,,False,True,1,research_batch_52_ai_evidence.csv
